property_id,property_name,property_types,floor_level,completion_year,facing
property_1,"1 Bed, 1 Bath Condo for Sale & Rent in Diamond Twin Tower",Condo,9.0,2018,
property_2,"1 Bed, 1 Bath Condo for Sale in Time Square 306",Condo,14.0,2025,W/N
property_3,"4 Bed, 4 Bath House for Sale in Preaek Lieb",House,,2025,E/S
property_4,"4 Bed, 5 Bath Twin Villa for Sale in Borey Peng Huoth : The Star Diamond",Twin Villa,,2025,S
property_5,"1 Bed, 1 Bath Condo for Sale in Golden One Residence",Condo,13.0,2021,
property_6,"5 Bed, 7 Bath Villa for Sale in Veal Sbov",Villa,,2021,E/S
property_7,"4 Bed, 5 Bath Flat for Sale in Chaom Chau",Flat,3.0,2021,
property_8,"4 Bed, 5 Bath Flat for Sale in Chaom Chau",Flat,2.0,2021,
property_9,"2 Bed, 1 Bath Apartment for Sale & Rent in Precious Ruby Apartment",Apartment,6.0,2017,
property_10,"1 Bed, 1 Bath Condo for Sale in Urban Village Phase 2",Condo,18.0,2024,
property_11,"1 Bed, 1 Bath Condo for Sale in BKK 1",Condo,9.0,2024,
property_12,"3 Bed, 4 Bath Villa for Sale in Spean Thma",Villa,3.0,2024,S
property_13,"1 Bed, 1 Bath Condo for Sale in Urban Village Phase 2",Condo,30.0,2024,S/W
property_14,"2 Bed, 2 Bath Condo for Sale in PS Crystal Condominium",Condo,7.0,2024,E
property_15,1 Bath Condo for Sale in Boeung Kak 1,Condo,6.0,2024,S
property_16,"2 Bed, 1 Bath Condo for Sale in Urban Village Phase 1",Condo,9.0,2020,E/S
property_17,"3 Bed, 5 Bath Penthouse for Sale in Ream",Penthouse,17.0,2020,
property_18,"1 Bed, 1 Bath Condo for Sale in Tuek Thla",Condo,,2020,S
property_19,Land for Sale in Sangkat Muoy,Land/Development,,2020,
property_20,"4 Bed, 5 Bath Twin Villa for Sale in Preaek Lieb",Twin Villa,,2020,S
property_21,"8 Bed, 9 Bath Villa for Sale in Chrang Chamres I",Villa,,2020,
property_22,"1 Bed, 1 Bath Serviced Apartment for Sale in Toul Svay Prey 1",ServicedApartment,8.0,2020,
property_23,"1 Bed, 1 Bath Apartment for Sale in Chroy Changvar",Apartment,9.0,2020,
property_24,"3 Bed, 4 Bath Flat for Sale in Toul Tum Poung 1",Flat,2.0,2020,
property_25,"1 Bed, 1 Bath Condo for Sale in Mekong View Tower 2",Condo,8.0,2020,
property_26,"1 Bed, 1 Bath Condo for Sale in Mekong View Tower 2",Condo,7.0,2020,
property_27,Land for Sale in Chroy Changvar,Land/Development,,2020,
property_28,"1 Bed, 1 Bath Condo for Sale in Chroy Changvar",Condo,12.0,2020,
property_29,"6 Bed, 4 Bath House for Sale in Toul Tum Poung 1",House,,2020,
property_30,"7 Bed, 8 Bath Villa for Sale & Rent in Preaek Lieb",Villa,,2020,S/W
property_31,"4 Bed, 5 Bath Link House for Sale in Phnom Penh Park",Unit,,2021,E/S
property_32,"4 Bed, 6 Bath Twin Villa for Sale & Rent in Preaek Ta Sek",Twin Villa,,2021,
property_33,"4 Bed, 5 Bath Link House for Sale in Chak Angrae Kraom",Unit,,2021,W
property_34,"1 Bed, 1 Bath Condo for Sale in Agile Sky Residence",Condo,9.0,2022,W
property_35,"2 Bed, 2 Bath Condo for Sale in J Tower 2 Condominium",Condo,17.0,2022,N
property_36,"2 Bed, 2 Bath Condo for Sale & Rent in The Skyline",Condo,15.0,2022,
property_37,"1 Bed, 1 Bath Condo for Sale in The Skyline",Condo,17.0,2022,
property_38,"1 Bed, 1 Bath Condo for Sale in BKK 1",Condo,,2022,
property_39,"1 Bed, 1 Bath Condo for Sale in BKK 1",Condo,,2022,
property_40,"6 Bed, 6 Bath Shophouse for Sale in Tumnob Tuek",Shophouse,,2022,W
property_41,"1 Bed, 1 Bath Condo for Sale in Russey Keo",Condo,12.0,2022,
property_42,"4 Bed, 3 Bath Condo for Sale in Tonle Bassac",Condo,12.0,2022,
property_43,"2 Bed, 3 Bath Twin Villa for Sale in Bak Kaeng",Twin Villa,,2022,
property_44,"2 Bed, 3 Bath Shophouse for Sale in BKK 3",Shophouse,,2022,S
property_45,Land for Sale in Akreiy Ksatr,Land/Development,,2022,
property_46,"4 Bed, 5 Bath Twin Villa for Sale & Rent in Phnom Penh Thmey",Twin Villa,,2022,S
property_47,"1 Bed, 1 Bath Studio for Sale in Chroy Changvar",Studio,19.0,2022,
property_48,"4 Bed, 5 Bath Link House for Sale & Rent in Tonle Bassac",Unit,,2022,
property_49,Land for Sale in Bet Trang,Land/Development,,2022,
property_50,"3 Bed, 2 Bath Condo for Sale in J Tower 3 Condominium",Condo,12.0,2028,
property_51,"4 Bed, 5 Bath Villa for Sale in Phnom Penh Thmey",Villa,,2028,N
property_52,"3 Bed, 3 Bath Shophouse for Sale in Phsar Thmei III",Shophouse,2.0,2028,
property_53,"2 Bed, 2 Bath Condo for Sale in Chroy Changvar",Condo,17.0,2028,
property_54,"2 Bed, 2 Bath Condo for Sale in Boeung Kak 2",Condo,6.0,2028,
property_55,"1 Bed, 1 Bath Condo for Sale in Rose Apple Square",Condo,6.0,2023,
property_56,"4 Bed, 4 Bath Flat House for Sale in Tuek L'ak 3",Retreat,,2023,N/E
property_57,"4 Bed, 4 Bath Flat House for Sale in Tuek L'ak 3",Retreat,,2023,N
property_58,"5 Bed, 4 Bath Flat House for Sale in Tuek L'ak 3",Retreat,2.0,2023,N
property_59,"4 Bed, 4 Bath Flat House for Sale in Tuek L'ak 3",Retreat,2.0,2023,S
property_60,"4 Bed, 4 Bath Flat House for Sale in Tuek L'ak 3",Retreat,,2023,S
property_61,"5 Bed, 4 Bath Flat House for Sale in Tuek L'ak 3",Retreat,2.0,2023,S
property_62,"4 Bed, 5 Bath Flat House for Sale & Rent in Tuek L'ak 3",Retreat,2.0,2023,N/E
property_63,"4 Bed, 5 Bath Villa for Sale & Rent in Phnom Penh Thmey",Villa,,2023,S
property_64,"10 Bed, 12 Bath Shophouse for Sale in Chroy Changvar",Shophouse,3.0,2023,N/E
property_65,"4 Bed, 5 Bath Villa for Sale & Rent in Phnom Penh Thmey",Villa,,2023,W
property_66,"4 Bed, 6 Bath Shophouse for Sale & Rent in Phsar Chas",Shophouse,5.0,2023,
property_67,"3 Bed, 3 Bath Condo for Sale in The Peninsula Private Residences",Condo,8.0,2022,S
property_68,"1 Bed, 1 Bath Studio for Sale & Rent in Boeung Kak 2",Studio,14.0,2022,
property_69,"8 Bed, 12 Bath Villa for Sale & Rent in Chak Angrae Kraom",Villa,3.0,2022,S
property_70,"1 Bed, 1 Bath Condo for Sale in Chroy Changvar",Condo,6.0,2022,
property_71,Land for Sale in Tuol Sangkae 1,Land/Development,,2022,
property_72,"1 Bed, 1 Bath Studio for Sale & Rent in BKK 1",Studio,16.0,2022,
property_73,"8 Bed, 8 Bath Villa for Sale & Rent in Boeung Kak 2",Villa,,2022,
property_74,"4 Bed, 5 Bath Villa for Sale in Preaek Lieb",Villa,3.0,2022,W
property_75,"4 Bed, 5 Bath Link House for Sale in Preaek Lieb",Unit,,2022,W
property_76,"4 Bed, 5 Bath Villa for Sale in Borey Peng Huoth: The Star Platinum Eco Romance",Villa,3.0,2022,N
property_77,"4 Bed, 5 Bath Villa for Sale in Borey Peng Huoth: The Star Platinum Eco Delta",Villa,3.0,2022,N
property_78,"1 Bed, 1 Bath Studio for Sale in Wealth Mansion",Studio,17.0,2024,
property_79,"1 Bed, 1 Bath Studio for Sale in The Penthouse Residence",Studio,27.0,2020,
property_80,"1 Bed, 1 Bath Apartment for Sale in Tonle Bassac",Apartment,35.0,2020,
property_81,Land for Sale in Kep,Land/Development,,2020,
property_82,"1 Bed, 1 Bath Studio for Sale in Orkide The Royal Condominium",Studio,12.0,2021,
property_83,"5 Bed, 6 Bath Twin Villa for Sale in Borey Peng Huoth: The Star Platinum Euro Ville",Twin Villa,,2021,S/W
property_84,"4 Bed, 5 Bath Twin Villa for Sale in Preaek Lieb",Twin Villa,,2021,N
property_85,"5 Bed, 8 Bath Villa for Sale in Preaek Lieb",Villa,3.0,2021,W/N
property_86,"6 Bed, 9 Bath Villa for Sale in Preaek Lieb",Villa,3.0,2021,N
property_87,"10 Bed, 13 Bath Shophouse for Sale in Preaek Lieb",Shophouse,5.0,2021,S
property_88,Land for Sale in Chak Angrae Kraom,Land/Development,,2021,
property_89,"1 Bed, 1 Bath Condo for Sale in Agile Sky Residence",Condo,38.0,2022,W
property_90,Shophouse for Sale & Rent in Chakto Mukh,Shophouse,,2022,
property_91,"2 Bed, 2 Bath Condo for Sale in Boeung Kak 2",Condo,8.0,2022,
property_92,"2 Bed, 2 Bath Condo for Sale in Boeung Kak 1",Condo,10.0,2022,
property_93,"3 Bed, 2 Bath Flat for Sale in Boeung Salang",Flat,,2022,
property_94,"2 Bed, 2 Bath Condo for Sale & Rent in Tonle Bassac",Condo,8.0,2022,
property_95,"5 Bed, 4 Bath Shophouse for Sale in Tumnob Tuek",Shophouse,2.0,2022,E
property_96,"2 Bed, 2 Bath Condo for Sale in Tuol Sangkae 2",Condo,7.0,2022,
property_97,"1 Bed, 1 Bath Condo for Sale in Tuol Sangkae 2",Condo,15.0,2022,
property_98,"1 Bed, 1 Bath Condo for Sale in Boeung Kak 1",Condo,6.0,2022,
property_99,Condo for Sale in Tonle Bassac,Condo,7.0,2022,
property_100,Condo for Sale in Prince Huan Yu Center,Condo,7.0,2023,
property_101,"5 Bed, 4 Bath Shophouse for Sale in Tumnob Tuek",Shophouse,,2023,E
property_102,"3 Bed, 4 Bath Link House for Sale in Borey Peng Huoth : The Star Platinum Mercurean II",Unit,,2023,S
property_103,"3 Bed, 4 Bath Link House for Sale in Borey Peng Huoth : The Star Platinum Mercurean II",Unit,3.0,2023,N
property_104,"7 Bed, 8 Bath Villa for Sale in Nirouth",Villa,3.0,2023,E
property_105,"2 Bed, 2 Bath Condo for Sale in Orkide The Royal Condominium",Condo,8.0,2021,
property_106,"3 Bed, 3 Bath Condo for Sale in Morgan EnMaison | Condo Type",Condo,32.0,2024,
property_107,"1 Bed, 1 Bath Condo for Sale in Tuol Sangkae 2",Condo,19.0,2024,
property_108,"2 Bed, 3 Bath Flat House for Sale in Chaom Chau 3",Retreat,,2024,
property_109,"2 Bed, 2 Bath Apartment for Sale in Tuol Sangkae 2",Apartment,5.0,2024,
property_110,"3 Bed, 3 Bath Villa for Sale in Kep",Villa,,2024,
property_111,"4 Bed, 5 Bath Twin Villa for Sale in Preaek Lieb",Twin Villa,,2024,N
property_112,"4 Bed, 5 Bath Twin Villa for Sale in Borey Peng Huoth : The Star Platinum Mercurean II",Twin Villa,,2024,E
property_113,"4 Bed, 5 Bath Twin Villa for Sale in Borey Peng Huoth: The Star Platinum Rosato",Twin Villa,,2024,N/E
property_114,"4 Bed, 5 Bath Twin Villa for Sale in Borey Peng Huoth: The Star Platinum Rosato",Twin Villa,,2024,S
property_115,"3 Bed, 3 Bath Link House for Sale in Svay Chrum",Unit,3.0,2024,W
property_116,"3 Bed, 4 Bath Villa for Sale & Rent in Veal Sbov",Villa,2.0,2024,N
property_117,"2 Bed, 2 Bath Condo for Sale in L Residence Boeung Keng Kang III",Condo,8.0,2018,N
property_118,Land for Sale in Boeung Tumpun,Land/Development,,2018,
property_119,"2 Bed, 1 Bath Apartment for Sale & Rent in Tonle Bassac",Apartment,19.0,2018,
property_120,"1 Bed, 1 Bath Studio for Sale in BKK 1",Studio,10.0,2018,
property_121,"6 Bed, 9 Bath Villa for Sale & Rent in Phnom Penh Thmey",Villa,3.0,2018,N
property_122,"8 Bed, 10 Bath Twin Villa for Sale in Borey The Mekong Royal",Twin Villa,,2018,N
property_123,"7 Bed, 9 Bath Villa for Sale in Borey The Mekong Royal",Villa,,2018,N
property_124,"7 Bed, 9 Bath Villa for Sale in Borey Peng Huoth: The Star Mera Garden",Villa,,2018,N
property_125,"5 Bed, 6 Bath Twin Villa for Sale in Borey Peng Huoth: The Star Platinum Eco Delta",Twin Villa,,2018,W
property_126,"4 Bed, 5 Bath Twin Villa for Sale in Borey Peng Huoth: The Star Platinum Mercurean I",Twin Villa,,2018,E
property_127,"3 Bed, 2 Bath Condo for Sale in Nirouth",Condo,11.0,2018,
property_128,"4 Bed, 5 Bath Villa for Sale & Rent in Phnom Penh Thmey",Villa,,2018,S
property_129,Land for Sale & Rent in Veal Vong,Land/Development,,2018,
property_130,"5 Bed, 6 Bath Shophouse for Sale in Prey Sa",Shophouse,,2018,
property_131,"4 Bed, 4 Bath House for Sale in Toul Svay Prey 1",House,,2018,N
property_132,"4 Bed, 5 Bath Villa for Sale in Borey Peng Huoth: The Star Mera Garden",Villa,3.0,2018,S
property_133,"2 Bed, 2 Bath Condo for Sale in J Tower 2 Condominium",Condo,11.0,2022,
property_134,"6 Bed, 6 Bath Villa for Sale in Preaek Aeng",Villa,3.0,2022,N
property_135,"3 Bed, 4 Bath Villa for Sale in Preaek Aeng",Villa,3.0,2022,E
property_136,"1 Bed, 1 Bath Apartment for Sale in Chroy Changvar",Apartment,16.0,2022,
property_137,"7 Bed, 9 Bath Villa for Sale & Rent in Borey Peng Huoth: The Star Platinum Eco Delta",Villa,3.0,2022,S
property_138,Land for Sale in Ta Ney,Land/Development,,2022,
property_139,Land for Sale in Preaek Ta kov,Land/Development,,2022,
property_140,"2 Bed, 2 Bath Condo for Sale in Habitat Condominium",Condo,7.0,2017,
property_141,"4 Bed, 5 Bath Twin Villa for Sale & Rent in Nirouth",Twin Villa,3.0,2017,W
property_142,Land for Sale & Rent in Boeung Kak 1,Land/Development,,2017,
property_143,"4 Bed, 4 Bath Villa for Sale in The ML Villa",Villa,,2021,N
property_144,Land for Sale in Chroy Svay,Land/Development,,2021,
property_145,Land for Sale in Chroy Svay,Land/Development,,2021,
property_146,"3 Bed, 4 Bath Condo for Sale in De Castle Royal Condominium",Condo,9.0,2014,
property_147,"4 Bed, 6 Bath Twin Villa for Sale in Phnom Penh Thmey",Twin Villa,,2014,N
property_148,"2 Bed, 2 Bath Condo for Sale in The View Serviced Residence",Condo,18.0,2019,
property_149,"3 Bed, 3 Bath Condo for Sale in Chroy Changvar",Condo,6.0,2019,
property_150,1 Bath Condo for Sale in D'seaview 海景苑公寓,Condo,3.0,2020,N
property_151,"4 Bed, 5 Bath Link House for Sale in Preaek Anhchanh",Unit,,2020,S
property_152,"1 Bed, 2 Bath House for Sale in Phsar Chas",House,1.0,2020,
property_153,Land for Sale in Phnom Penh Thmey,Land/Development,,2020,
property_154,"2 Bed, 2 Bath Condo for Sale in The View Serviced Residence",Condo,28.0,2019,
property_155,"1 Bed, 1 Bath Condo for Sale in The View Serviced Residence",Condo,17.0,2019,
property_156,"1 Bed, 1 Bath Studio for Sale in The View Serviced Residence",Studio,23.0,2019,
property_157,"1 Bed, 1 Bath Studio for Sale in Morgan EnMaison | Condo Type",Studio,5.0,2024,
property_158,"6 Bed, 7 Bath Villa for Sale in Tuek Thla",Villa,,2024,
property_159,Land for Sale in Snaor,Land/Development,,2024,
property_160,Land for Sale in Snaor,Land/Development,,2024,
property_161,Land for Sale in Snaor,Land/Development,,2024,
property_162,"4 Bed, 5 Bath Villa for Sale in Snaor",Villa,,2024,
property_163,"4 Bed, 5 Bath Twin Villa for Sale in Borey Peng Huoth: The Star Mera Garden",Twin Villa,,2024,S
property_164,"3 Bed, 4 Bath Link House for Sale in Russey Keo",Unit,,2024,E
property_165,"4 Bed, 5 Bath Link House for Sale in Preaek Anhchanh",Unit,,2024,N
property_166,"4 Bed, 5 Bath Link House for Sale in Preaek Anhchanh",Unit,,2024,N
property_167,"1 Bed, 1 Bath Condo for Sale in Snowbell Hotel@The Bridge SOHO",Condo,13.0,2019,
property_168,Shophouse for Sale in Phsar Chas,Shophouse,,2019,S
property_169,"2 Bed, 2 Bath House for Sale in Toul Svay Prey 2",House,,2019,S
property_170,"3 Bed, 3 Bath Condo for Sale & Rent in De Castle Royal Condominium",Condo,15.0,2014,N/E
property_171,"4 Bed, 5 Bath Twin Villa for Sale in Borey Peng Huoth: The Star Mera Garden",Twin Villa,,2014,N
property_172,"4 Bed, 5 Bath Twin Villa for Sale in Borey Peng Huoth: The Star Mera Garden",Twin Villa,,2014,N
property_173,"4 Bed, 5 Bath Twin Villa for Sale in Borey Peng Huoth: The Star Mera Garden",Twin Villa,,2014,N
property_174,House for Sale in Siem Reap,House,,2014,
property_175,"1 Bed, 1 Bath Condo for Sale & Rent in Time Square 3",Condo,28.0,2023,
property_176,Condo for Sale in Prince Huan Yu Center,Condo,7.0,2023,
property_177,Land for Sale in Ou Baek K'am,Land/Development,,2023,
property_178,"2 Bed, 1 Bath Condo for Sale in Boeung Tumpun",Condo,11.0,2023,
property_179,"2 Bed, 3 Bath Flat House for Sale in Krang Thnong",Retreat,,2023,
property_180,"3 Bed, 2 Bath Condo for Sale in Agile Sky Residence",Condo,11.0,2022,E/S
property_181,"5 Bed, 6 Bath Villa for Sale in Borey Peng Huoth: The Star Platinum Eco Romance",Villa,,2022,W
property_182,Land for Sale in Phnom Penh Thmey,Land/Development,,2022,
property_183,"10 Bed, 12 Bath Villa for Sale in Snaor",Villa,,2022,
property_184,"1 Bed, 1 Bath Condo for Sale in Boeung Kak 1",Condo,24.0,2022,
property_185,Land for Sale in Boeung Kak 2,Land/Development,,2022,
property_186,Land for Sale in Roka Po Pram,Land/Development,,2022,
property_187,"4 Bed, 4 Bath Villa for Sale & Rent in Phnom Penh Thmey",Villa,2.0,2022,
property_188,Land for Sale & Rent in Phnom Penh Thmey,Land/Development,,2022,
property_189,"6 Bed, 6 Bath House for Sale in Stueng Mean chey 1",House,,2022,N
property_190,"3 Bed, 2 Bath Condo for Sale & Rent in Boeung Tumpun 1",Condo,7.0,2022,
property_191,"2 Bed, 2 Bath Condo for Sale & Rent in The Skyline",Condo,34.0,2022,
property_192,1 Bath Studio for Sale in Snowbell Hotel@The Bridge SOHO,Studio,30.0,2019,
property_193,"1 Bed, 1 Bath Condo for Sale in The Penthouse Residence",Condo,27.0,2020,
property_194,Land for Sale in Samrong,Land/Development,,2020,
property_195,"3 Bed, 4 Bath Link House for Sale & Rent in Spean Thma",Unit,,2020,S
property_196,"2 Bed, 1 Bath Condo for Sale in Time Square 3",Condo,6.0,2023,
property_197,"3 Bed, 2 Bath House for Sale in Tumnob Tuek",House,,2023,E
property_198,"1 Bed, 1 Bath Condo for Sale in Chroy Changvar",Condo,19.0,2023,
property_199,"7 Bed, 9 Bath Villa for Sale & Rent in Borey Peng Huoth: The Star Mera Garden",Villa,,2023,N
property_200,"5 Bed, 6 Bath Shophouse for Sale in Preaek Lieb",Shophouse,,2023,
property_201,"4 Bed, 5 Bath Shophouse for Sale in La Palm Residences",Shophouse,,2022,S
property_202,"7 Bed, 9 Bath Villa for Sale in Borey Peng Huoth: The Star Mera Garden",Villa,,2022,S
property_203,"3 Bed, 4 Bath Link House for Sale in La Palm Residences",Unit,,2022,S
property_204,"4 Bed, 5 Bath Villa for Sale in Chankiri​​ Palm Creek",Villa,,2023,S
property_205,"4 Bed, 5 Bath Twin Villa for Sale in Chankiri​​ Palm Creek",Twin Villa,,2023,
property_206,Land for Sale in Kandaek,Land/Development,,2023,
property_207,"5 Bed, 6 Bath Twin Villa for Sale & Rent in Borey Peng Huoth: The Star Mera Garden",Twin Villa,,2023,S
property_208,Land for Sale in Tien,Land/Development,,2023,
property_209,"11 Bed, 11 Bath Villa for Sale & Rent in Tuek L'ak 3",Villa,,2023,
property_210,"6 Bed, 6 Bath Villa for Sale in Kakap",Villa,,2023,
property_211,Land for Sale in Kakap,Land/Development,,2023,
property_212,Land for Sale in Kakap,Land/Development,,2023,
property_213,Land for Sale in Tien,Land/Development,,2023,
property_214,Land for Sale in Chaom Chau,Land/Development,,2023,
property_215,Land for Sale in Tonle Bassac,Land/Development,,2023,
property_216,"3 Bed, 4 Bath House for Sale in Tumnob Tuek",House,,2023,S
property_217,Land for Sale in Boeung Tumpun,Land/Development,,2023,
property_218,"3 Bed, 2 Bath Condo for Sale in The Peak Residences",Condo,20.0,2023,
property_219,"6 Bed, 5 Bath House for Sale in BKK 3",House,,2023,
property_220,"4 Bed, 6 Bath Twin Villa for Sale in Phnom Penh Thmey",Twin Villa,,2023,N
property_221,"4 Bed, 5 Bath Shophouse for Sale in Borey Peng Huoth: The Star Platinum Eco Sunrise",Shophouse,,2023,W
property_222,"4 Bed, 6 Bath Link House for Sale & Rent in Chak Angrae Kraom",Unit,,2023,E
property_223,"4 Bed, 5 Bath Twin Villa for Sale in Borey The Flora",Twin Villa,,2021,E
property_224,"4 Bed, 5 Bath Twin Villa for Sale in Preaek Lieb",Twin Villa,,2021,N
property_225,"5 Bed, 6 Bath Villa for Sale in BKK 3",Villa,,2021,N
property_226,"11 Bed, 15 Bath House for Sale in BKK 3",House,,2021,S
property_227,"5 Bed, 6 Bath Villa for Sale in Borey Peng Huoth: The Star Platinum Rosato",Villa,,2021,W
property_228,"1 Bed, 1 Bath Apartment for Sale in Sen Sok Town",Apartment,10.0,2021,
property_229,"4 Bed, 5 Bath Link House for Sale in Borey Peng Huoth: The Star Platinum Eco Romance",Unit,,2021,S
property_230,"5 Bed, 5 Bath Villa for Sale & Rent in Boeung Kak 1",Villa,,2021,
property_231,"4 Bed, 6 Bath Shophouse for Sale in One Park",Shophouse,6.0,2019,
property_232,"5 Bed, 4 Bath House for Sale & Rent in Phsar Daeum Kor",House,,2019,N
property_233,"6 Bed, 7 Bath Villa for Sale in Khmuonh",Villa,,2019,
property_234,"3 Bed, 2 Bath House for Sale in Phsar Daeum Kor",House,,2019,N
property_235,"4 Bed, 4 Bath House for Sale in Phsar Daeum Kor",House,,2019,S
property_236,"3 Bed, 4 Bath Penthouse for Sale in Grand Condo 7",Penthouse,21.0,2023,
property_237,"6 Bed, 6 Bath Villa for Sale in The Woods a Natha Residence",Villa,,2020,N
property_238,"10 Bed, 12 Bath Twin Villa for Sale in Borey Peng Huoth: The Star Platinum Euro Ville",Twin Villa,,2020,S/W
property_239,"6 Bed, 6 Bath House for Sale in Sla Kram",House,,2020,
property_240,Land for Sale in Tuol Sangkae 1,Land/Development,,2020,
property_241,"11 Bed, 12 Bath Villa for Sale in Borey Peng Huoth: The Star Platinum Eco Melody",Villa,,2020,E
property_242,"1 Bed, 1 Bath Condo for Sale & Rent in Tonle Bassac",Condo,18.0,2020,
property_243,Land for Sale in Toul Tum Poung 1,Land/Development,,2020,
property_244,"5 Bed, 5 Bath Link House for Sale & Rent in Kouk Roka",Unit,,2020,
property_245,"8 Bed, 12 Bath Link House for Sale in Nirouth",Unit,,2020,N
property_246,"4 Bed, 5 Bath Link House for Sale in Preaek Aeng",Unit,,2020,N
property_247,"2 Bed, 1 Bath Condo for Sale in Agile Sky Residence",Condo,22.0,2022,S
property_248,"4 Bed, 5 Bath Twin Villa for Sale & Rent in Borey Peng Huoth : The Star Diamond",Twin Villa,,2022,
property_249,"2 Bed, 2 Bath Condo for Sale in Orkide The Royal Condominium",Condo,3.0,2021,
property_250,"4 Bed, 5 Bath Villa for Sale in Snaor",Villa,,2021,
property_251,"4 Bed, 3 Bath Penthouse for Sale & Rent in Tonle Bassac",Penthouse,28.0,2021,
property_252,"3 Bed, 3 Bath Condo for Sale in Tonle Bassac",Condo,20.0,2021,
property_253,"3 Bed, 3 Bath Condo for Sale in Tonle Bassac",Condo,23.0,2021,
property_254,Land for Sale in Prey Sa,Land/Development,,2021,
property_255,"2 Bed, 1 Bath Condo for Sale in Borey Peng Huoth: The Star Platinum Polaris‚Äã I",Condo,15.0,2021,
property_256,"4 Bed, 5 Bath Twin Villa for Sale in Borey Peng Huoth : The Star Diamond",Twin Villa,,2021,
property_257,Land for Sale in Snaor,Land/Development,,2021,
property_258,Land for Sale in Snaor,Land/Development,,2021,
property_259,"5 Bed, 6 Bath Shophouse for Sale in Toul Svay Prey 1",Shophouse,,2021,E
property_260,"1 Bed, 1 Bath Condo for Sale in Agile Sky Residence",Condo,21.0,2022,E
property_261,"5 Bed, 6 Bath Twin Villa for Sale in Borey Peng Huoth: The Star Platinum Eco Melody",Twin Villa,,2022,E
property_262,Land for Sale in Snaor,Land/Development,,2022,
property_263,"4 Bed, 3 Bath Villa for Sale in Snaor",Villa,,2022,
property_264,Land for Sale in Chbar Ampov II,Land/Development,,2022,
property_265,"4 Bed, 3 Bath Villa for Sale in Snaor",Villa,,2022,
property_266,"4 Bed, 3 Bath Villa for Sale in Snaor",Villa,,2022,
property_267,"5 Bed, 7 Bath Villa for Sale in Tuol Sangke",Villa,,2022,
property_268,"1 Bed, 1 Bath Studio for Sale in Orkide The Royal Condominium",Studio,7.0,2021,
property_269,"2 Bed, 2 Bath Condo for Sale in Tuol Sangke",Condo,12.0,2021,
property_270,"4 Bed, 5 Bath Shophouse for Sale in Borey Peng Huoth: The Star Platinum Polaris​ II",Shophouse,,2021,W
property_271,"3 Bed, 3 Bath Villa for Sale in Svay Chrum",Villa,,2021,
property_272,"2 Bed, 2 Bath Condo for Sale in J Tower 2 Condominium",Condo,10.0,2022,N/E
property_273,"6 Bed, 8 Bath Shophouse for Sale in Tumnob Tuek",Shophouse,,2022,W
property_274,"3 Bed, 3 Bath Condo for Sale in J Tower 2 Condominium",Condo,39.0,2022,E/S
property_275,Land for Sale & Rent in Tuek L'ak 1,Land/Development,,2022,
property_276,Land for Sale & Rent in Tuek L'ak 1,Land/Development,,2022,
property_277,"4 Bed, 3 Bath House for Sale in Tumnob Tuek",House,,2022,E
property_278,"4 Bed, 4 Bath Shophouse for Sale in Phsar Kandal II",Shophouse,,2022,
property_279,"7 Bed, 7 Bath Twin Villa for Sale & Rent in Borey Peng Huoth: The Star Platinum Roseville",Twin Villa,,2022,N
property_280,"4 Bed, 5 Bath Link House for Sale in Preaek Aeng",Unit,,2022,S
property_281,"2 Bed, 1 Bath Condo for Sale in Arakawa Residence",Condo,6.0,2022,
property_282,"4 Bed, 5 Bath Shophouse for Sale & Rent in Nirouth",Shophouse,,2022,E
property_283,"1 Bed, 1 Bath Apartment for Sale in Phsar Kandal II",Apartment,3.0,2022,
property_284,"9 Bed, 9 Bath Twin Villa for Sale in Chak Angrae Kraom",Twin Villa,,2022,N
property_285,"4 Bed, 5 Bath Shophouse for Sale in Borey Peng Huoth: The Star Platinum Polaris‚Äã I",Shophouse,,2022,N
property_286,"6 Bed, 6 Bath Shophouse for Sale in BKK 1",Shophouse,,2022,N
property_287,"4 Bed, 5 Bath Shophouse for Sale in Preaek Lieb",Shophouse,,2022,S
property_288,"4 Bed, 5 Bath Link House for Sale in Preaek Aeng",Unit,,2022,S
property_289,"4 Bed, 6 Bath Twin Villa for Sale in Borey Peng Huoth: The Star Platinum Euro Ville",Twin Villa,,2022,N
property_290,"5 Bed, 6 Bath Villa for Sale in Chak Angrae Kraom",Villa,,2022,N
property_291,"4 Bed, 5 Bath Flat House for Sale in Chrang Chamres I",Retreat,,2022,
property_292,"5 Bed, 6 Bath Villa for Sale in Preaek Kampues",Villa,,2022,S
property_293,"4 Bed, 5 Bath Shophouse for Sale in Borey Peng Huoth : The Star Diamond",Shophouse,,2022,E
property_294,"4 Bed, 5 Bath Shophouse for Sale in Borey Peng Huoth : The Star Diamond",Shophouse,,2022,E
property_295,"3 Bed, 3 Bath Villa for Sale in Svay Chrum",Villa,,2022,
property_296,"3 Bed, 3 Bath Villa for Sale in Svay Chrum",Villa,,2022,
property_297,"3 Bed, 3 Bath House for Sale in Toul Svay Prey 1",House,,2022,S
property_298,"5 Bed, 3 Bath Shophouse for Sale in BKK 3",Shophouse,,2022,S
property_299,"4 Bed, 3 Bath House for Sale in BKK 3",House,,2022,N
property_300,Land for Sale in Kouk Khleang,Land/Development,,2022,
property_301,"5 Bed, 4 Bath Flat House for Sale in Toul Tum Poung 2",Retreat,,2022,
property_302,"3 Bed, 3 Bath Villa for Sale in Svay Chrum",Villa,,2022,
property_303,"3 Bed, 3 Bath Villa for Sale in Svay Chrum",Villa,,2022,
property_304,"3 Bed, 3 Bath Villa for Sale in Svay Chrum",Villa,,2022,
property_305,"6 Bed, 6 Bath Flat House for Sale in Nirouth",Retreat,,2022,N
property_306,"6 Bed, 4 Bath Villa for Sale in Nirouth",Villa,,2022,S
property_307,"4 Bed, 5 Bath Flat House for Sale in Nirouth",Retreat,,2022,N
property_308,7 Bed Villa for Sale & Rent in Woodland Residences,Villa,3.0,2019,
property_309,"7 Bed, 9 Bath Villa for Sale in Borey Peng Huoth: The Star Platinum Eco Delta",Villa,,2019,S
property_310,"2 Bed, 3 Bath Link House for Sale in Borey Peng Huoth : The Star Platinum Mercurean II",Unit,,2019,N
property_311,"5 Bed, 3 Bath House for Sale in Boeung Tumpun",House,,2019,
property_312,"2 Bed, 2 Bath Apartment for Sale in The Garden Residency",Apartment,3.0,2019,
property_313,"4 Bed, 5 Bath Twin Villa for Sale in Borey Peng Huoth: The Star Platinum Rosato",Twin Villa,,2019,W
property_314,"4 Bed, 5 Bath Villa for Sale in Borey Peng Huoth: The Star Mera Garden",Villa,,2019,S
property_315,"8 Bed, 10 Bath Shophouse for Sale in Borey Peng Huoth: The Star Platinum Polaris​ II",Shophouse,,2019,W
property_316,"2 Bed, 3 Bath House for Sale & Rent in Phsar Kandal I",House,,2019,
property_317,"2 Bed, 1 Bath Condo for Sale in Arakawa Residence",Condo,11.0,2022,
property_318,Villa for Sale in Svay Dankum,Villa,,2022,
property_319,"1 Bed, 1 Bath Apartment for Sale in Parc 21 Residence",Apartment,12.0,2022,
property_320,"3 Bed, 4 Bath Link House for Sale & Rent in Borey Peng Huoth: The Star Platinum Mercurean I",Unit,,2022,N
property_321,Land for Sale in Kakap,Land/Development,,2022,
property_322,"1 Bed, 1 Bath Condo for Sale & Rent in De Castle Royal Condominium",Condo,10.0,2014,
property_323,"2 Bed, 1 Bath Condo for Sale in Time Square 3",Condo,13.0,2023,
property_324,"4 Bed, 5 Bath Shophouse for Sale in Borey Peng Huoth: The Star Platinum Polaris‚Äã I",Shophouse,,2023,E
property_325,"6 Bed, 8 Bath Flat House for Sale in Preaek Aeng",Retreat,,2023,W
property_326,"6 Bed, 6 Bath Villa for Sale & Rent in Borey Peng Huoth : The Star Platinum Paradigm",Villa,,2022,W
property_327,"6 Bed, 7 Bath Villa for Sale in The Woods a Natha Residence",Villa,,2020,N
property_328,"4 Bed, 5 Bath Shophouse for Sale in Borey Peng Huoth : The Star Diamond",Shophouse,,2020,E
property_329,"1 Bed, 1 Bath Apartment for Sale in Bellavita Apartment",Apartment,7.0,2020,W
property_330,"8 Bed, 7 Bath Villa for Sale in Borey Peng Huoth: The Star Platinum Eco Melody",Villa,,2020,E
property_331,"9 Bed, 7 Bath House for Sale & Rent in BKK 3",House,,2020,
property_332,"1 Bed, 1 Bath Condo for Sale in Chroy Changvar",Condo,15.0,2020,
property_333,"1 Bed, 1 Bath Condo for Sale in Boeung Kak 1",Condo,12.0,2020,
property_334,"1 Bed, 1 Bath Condo for Sale in Boeung Kak 1",Condo,15.0,2020,
property_335,"1 Bed, 1 Bath Condo for Sale in Tuol Sangkae 2",Condo,19.0,2020,
property_336,"7 Bed, 9 Bath Villa for Sale in Borey Peng Huoth : The Star Diamond",Villa,,2020,S
property_337,"5 Bed, 6 Bath Shophouse for Sale in Preaek Lieb",Shophouse,,2020,N
property_338,"3 Bed, 3 Bath Villa for Sale in Preaek Lieb",Villa,,2020,N
property_339,"4 Bed, 5 Bath House for Sale & Rent in Toul Tum Poung 1",House,,2020,
property_340,Land for Sale in Kakab 2,Land/Development,,2020,
property_341,"5 Bed, 6 Bath Villa for Sale in Preaek Lieb",Villa,2.0,2020,N/E
property_342,"4 Bed, 6 Bath Villa for Sale in Preaek Lieb",Villa,2.0,2020,E/S
property_343,"5 Bed, 6 Bath Shophouse for Sale & Rent in Preaek Lieb",Shophouse,3.0,2020,N
property_344,"5 Bed, 6 Bath Shophouse for Sale in Preaek Lieb",Shophouse,3.0,2020,S
property_345,House for Sale in Phnom Penh Thmey,House,,2020,
property_346,"12 Bed, 8 Bath Land for Sale in Boeung Trabek",Land/Development,2.0,2020,
property_347,"6 Bed, 7 Bath House for Sale & Rent in Toul Tum Poung 1",House,,2020,
property_348,"4 Bed, 5 Bath Shophouse for Sale in Borey Peng Huoth: The Star Platinum Polaris​ II",Shophouse,3.0,2020,S
property_349,"3 Bed, 3 Bath Link House for Sale in Borey Nirouth Chey and Chenda Villa",Unit,,2021,S
property_350,"5 Bed, 6 Bath Villa for Sale & Rent in Borey Peng Huoth: The Star Platinum Rosato",Villa,,2021,S
property_351,"5 Bed, 5 Bath Villa for Sale in Boeung Tumpun",Villa,2.0,2021,
property_352,"3 Bed, 4 Bath Link House for Sale in Veal Sbov",Unit,,2021,S
property_353,Villa for Sale in Chreav,Villa,,2021,
property_354,House for Sale in Svay Dankum,House,,2021,
property_355,"1 Bed, 1 Bath Condo for Sale in Toul Kork Lane",Condo,13.0,2024,
property_356,"1 Bed, 1 Bath Condo for Sale in Toul Kork Lane",Condo,13.0,2024,
property_357,"1 Bed, 1 Bath Apartment for Sale in BKK 1",Apartment,14.0,2024,W/N
property_358,"4 Bed, 5 Bath Shophouse for Sale in Preaek Ta Sek",Shophouse,3.0,2024,W/N
property_359,"1 Bed, 1 Bath Studio for Sale in BKK 1",Studio,9.0,2024,W/N
property_360,"3 Bed, 3 Bath Condo for Sale in CASA by Meridian",Condo,30.0,2024,
property_361,"2 Bed, 2 Bath Condo for Sale & Rent in Sen Sok Town",Condo,11.0,2024,E/S
property_362,"4 Bed, 5 Bath Shophouse for Sale in Borey Peng Huoth: The Star Platinum Eco Sunrise",Shophouse,3.0,2024,W
property_363,"4 Bed, 5 Bath Shophouse for Sale in Borey Peng Huoth: The Star Platinum Polaris​ II",Shophouse,3.0,2024,S
property_364,"5 Bed, 6 Bath Villa for Sale in Borey Peng Huoth: The Star Platinum Eco Delta",Villa,3.0,2024,S
property_365,"4 Bed, 5 Bath Villa for Sale in BKK 1",Villa,2.0,2024,S
property_366,"10 Bed, 8 Bath House for Sale in Boeung Tumpun",House,,2024,
property_367,"2 Bed, 1 Bath Apartment for Sale in Boeung Tumpun",Apartment,18.0,2024,
property_368,"4 Bed, 4 Bath Villa for Sale in Snaor",Villa,,2024,
property_369,"1 Bed, 1 Bath Studio for Sale in Orkide The Royal Condominium",Studio,5.0,2021,
property_370,"4 Bed, 5 Bath Shophouse for Sale in Preaek Ta Sek",Shophouse,,2021,E
property_371,"3 Bed, 3 Bath Link House for Sale in Preaek Lieb",Unit,,2021,S/W
property_372,"4 Bed, 5 Bath Twin Villa for Sale & Rent in Preaek Lieb",Twin Villa,,2021,S
property_373,Land for Sale in Kouk Khleang,Land/Development,,2021,
property_374,"5 Bed, 7 Bath Villa for Sale in The Palms",Villa,3.0,2023,S
property_375,"1 Bed, 1 Bath Condo for Sale in Sky Tree Residence",Condo,19.0,2020,
property_376,"4 Bed, 5 Bath Shophouse for Sale & Rent in Borey Peng Huoth: The Star Platinum Eco Sunrise",Shophouse,3.0,2020,W
property_377,"2 Bed, 1 Bath Condo for Sale in BKK 3",Condo,21.0,2020,S
property_378,"4 Bed, 5 Bath Twin Villa for Sale in Preaek Lieb",Twin Villa,,2020,S
property_379,"4 Bed, 5 Bath Shophouse for Sale in Borey Peng Huoth: The Star Platinum Polaris​ II",Shophouse,,2020,N
property_380,"4 Bed, 5 Bath Twin Villa for Sale in Preaek Ta Sek",Twin Villa,3.0,2020,
property_381,"3 Bed, 2 Bath Condo for Sale & Rent in The Bridge",Condo,43.0,2018,S
property_382,5 Bed Shophouse for Sale in Preaek Ta Sek,Shophouse,,2018,
property_383,5 Bed Shophouse for Sale in Nirouth,Shophouse,,2018,S
property_384,"2 Bed, 2 Bath Condo for Sale & Rent in Chroy Changvar",Condo,24.0,2018,
property_385,"4 Bed, 5 Bath Shophouse for Sale & Rent in Tuol Sangkae 2",Shophouse,3.0,2018,
property_386,"2 Bed, 1 Bath Condo for Sale in Time Square 3",Condo,13.0,2023,
property_387,Link House for Sale in Ponhea Pon,Unit,2.0,2023,
property_388,"5 Bed, 3 Bath House for Sale in Boeung Tumpun",House,,2023,
property_389,Land for Sale in Krang Thnong,Land/Development,,2023,
property_390,"1 Bed, 1 Bath Condo for Sale in Tonle Bassac",Condo,22.0,2023,
property_391,"4 Bed, 5 Bath Twin Villa for Sale in Cheung Aek",Twin Villa,,2023,S
property_392,"4 Bed, 5 Bath Link House for Sale in Phnom Penh Thmey",Unit,,2023,
property_393,"4 Bed, 5 Bath Twin Villa for Sale in Borey Peng Huoth: The Star Platinum Eco Delta",Twin Villa,,2023,N/E
property_394,"4 Bed, 5 Bath Villa for Sale in Bak Kaeng",Villa,,2023,E/S
property_395,"5 Bed, 6 Bath Twin Villa for Sale in Chak Angrae Leu",Twin Villa,,2023,N
property_396,"5 Bed, 6 Bath Twin Villa for Sale in Chak Angrae Leu",Twin Villa,,2023,N
property_397,"2 Bed, 2 Bath Condo for Sale in BKK 3",Condo,6.0,2023,
property_398,"4 Bed, 5 Bath Link House for Sale in Nirouth",Unit,,2023,N
property_399,"4 Bed, 2 Bath House for Sale in Toul Tum Poung 1",House,,2023,
property_400,"3 Bed, 2 Bath Condo for Sale in The Bridge",Condo,,2018,S
property_401,"4 Bed, 5 Bath Shophouse for Sale in Nirouth",Shophouse,3.0,2018,E
property_402,"2 Bed, 3 Bath Shophouse for Sale & Rent in Borey Peng Huoth: The Star Platinum Polaris​ II",Shophouse,3.0,2018,S
property_403,"1 Bed, 1 Bath Apartment for Sale in Embassy Residences - Phnom Penh's Landmark Condominium",Apartment,12.0,2018,S
property_404,"1 Bed, 1 Bath Condo for Sale in BKK 1",Condo,11.0,2018,
property_405,"9 Bed, 11 Bath Villa for Sale in Borey Peng Huoth: The Star Platinum Eco Melody",Villa,3.0,2018,S
property_406,"4 Bed, 5 Bath Link House for Sale & Rent in Tonle Bassac",Unit,,2018,
property_407,Land for Sale in Kouk Khleang,Land/Development,,2018,
property_408,"1 Bed, 1 Bath Condo for Sale in Olympic",Condo,13.0,2018,
property_409,"3 Bed, 3 Bath Villa for Sale in Snaor",Villa,,2018,
property_410,"1 Bed, 1 Bath Studio for Sale & Rent in BKK 1",Studio,8.0,2018,
property_411,"2 Bed, 2 Bath Condo for Sale in Tonle Bassac",Condo,10.0,2018,
property_412,"2 Bed, 2 Bath Condo for Sale in Tonle Bassac",Condo,11.0,2018,
property_413,"1 Bed, 1 Bath Studio for Sale in The Penthouse Residence",Studio,15.0,2020,
property_414,"2 Bed, 3 Bath Flat House for Sale in Chaom Chau 1",Retreat,,2020,
property_415,"4 Bed, 5 Bath Link House for Sale in Borey Peng Huoth: The Star Platinum Athina",Unit,,2020,N
property_416,"2 Bed, 3 Bath Flat House for Sale in Kamboul",Retreat,2.0,2020,
property_417,"4 Bed, 5 Bath Villa for Sale & Rent in Phsar Daeum Thkov",Villa,,2020,
property_418,"4 Bed, 5 Bath Twin Villa for Sale in Chroy Changvar",Twin Villa,,2020,N
property_419,compounds for Sale in Ta Meun,compounds,,2020,
property_420,1 Bath Studio for Sale in Wat Phnom,Studio,21.0,2020,
property_421,"3 Bed, 3 Bath Villa for Sale in Snaor",Villa,,2020,
property_422,"1 Bed, 1 Bath Condo for Sale in Srah Chak",Condo,8.0,2020,
property_423,"10 Bed, 12 Bath House for Sale in Boeung Tumpun",House,,2020,
property_424,"1 Bed, 1 Bath Condo for Sale in Tonle Bassac",Condo,9.0,2020,S
property_425,"4 Bed, 5 Bath Twin Villa for Sale & Rent in Preaek Lieb",Twin Villa,,2020,S
property_426,"6 Bed, 8 Bath Villa for Sale in Tonle Bassac",Villa,3.0,2020,
property_427,"1 Bed, 1 Bath Condo for Sale in Tonle Bassac",Condo,23.0,2020,
property_428,1 Bath Studio for Sale in Tonle Bassac,Studio,19.0,2020,
property_429,Land for Sale in Boeung Tumpun,Land/Development,,2020,
property_430,"1 Bed, 1 Bath Condo for Sale in Tonle Bassac",Condo,21.0,2020,
property_431,Land for Sale & Rent in Ream,Land/Development,,2020,
property_432,"2 Bed, 2 Bath Apartment for Sale in Tonle Bassac",Apartment,21.0,2020,
property_433,"1 Bed, 1 Bath Apartment for Sale in Sangkat Buon",Apartment,7.0,2020,
property_434,"4 Bed, 5 Bath House for Sale in ARATA Garden Residences",House,3.0,2021,
property_435,"4 Bed, 5 Bath House for Sale in Russey Keo",House,,2021,
property_436,"1 Bed, 1 Bath House for Sale in BKK 2",House,,2021,N
property_437,"4 Bed, 4 Bath House for Sale in Prey Sa",House,3.0,2021,S
property_438,"4 Bed, 5 Bath House for Sale & Rent in Boeung Tumpun",House,,2021,
property_439,"1 Bed, 1 Bath Apartment for Sale in L Residence Borei Keila",Apartment,17.0,2022,
property_440,"3 Bed, 2 Bath Condo for Sale in The Bridge",Condo,17.0,2018,
property_441,"7 Bed, 7 Bath Villa for Sale & Rent in Chak Angrae Leu",Villa,,2018,E
property_442,Land for Sale in Kamboul,Land/Development,,2018,
property_443,"1 Bed, 1 Bath Condo for Sale in The Bridge",Condo,25.0,2018,
property_444,"1 Bed, 1 Bath Condo for Sale in The Bridge",Condo,19.0,2018,
property_445,"1 Bed, 1 Bath Condo for Sale in The Bridge",Condo,17.0,2018,
property_446,"2 Bed, 2 Bath Condo for Sale in J Tower 2 Condominium",Condo,18.0,2022,N
property_447,"4 Bed, 5 Bath Link House for Sale in Preaek Lieb",Unit,,2022,
property_448,"1 Bed, 1 Bath Condo for Sale in Toul Kork Lane",Condo,13.0,2024,
property_449,"2 Bed, 2 Bath Condo for Sale in J Tower 2 Condominium",Condo,26.0,2022,N
property_450,Land for Sale in Kamboul,Land/Development,,2022,
property_451,Land for Sale in Tien,Land/Development,,2022,
property_452,"5 Bed, 5 Bath House for Sale in BKK 3",House,3.0,2022,N
property_453,"2 Bed, 6 Bath Twin Villa for Sale in Borey Peng Huoth : The Star Diamond",Twin Villa,3.0,2022,
property_454,"8 Bed, 9 Bath Villa for Sale in Borey Peng Huoth : The Star Diamond",Villa,3.0,2022,
property_455,"4 Bed, 5 Bath Link House for Sale in Phnom Penh Thmey",Unit,3.0,2022,
property_456,"4 Bed, 5 Bath Link House for Sale in Phnom Penh Thmey",Unit,3.0,2022,
property_457,"4 Bed, 5 Bath Link House for Sale in Phnom Penh Thmey",Unit,3.0,2022,
property_458,"4 Bed, 5 Bath Twin Villa for Sale & Rent in Borey Peng Huoth : The Star Platinum Mercurean II",Twin Villa,3.0,2022,E
property_459,"6 Bed, 8 Bath Villa for Sale & Rent in Chak Angrae Leu",Villa,3.0,2022,S
property_460,"5 Bed, 6 Bath Twin Villa for Sale in Borey Peng Huoth: The Star Platinum Rosato",Twin Villa,3.0,2022,N
property_461,"3 Bed, 4 Bath Link House for Sale in Borey Peng Huoth: The Star Platinum",Unit,3.0,2022,N
property_462,"4 Bed, 5 Bath Shophouse for Sale & Rent in Preaek Lieb",Shophouse,3.0,2022,S
property_463,"2 Bed, 3 Bath Link House for Sale in Borey Peng Huoth : The Star Platinum Mercurean II",Unit,3.0,2022,S
property_464,"5 Bed, 6 Bath Villa for Sale & Rent in Borey Peng Huoth: The Star Platinum Eco Veranda",Villa,3.0,2022,N
property_465,"5 Bed, 6 Bath Twin Villa for Sale & Rent in Borey Peng Huoth: The Star Platinum Eco Melody",Twin Villa,3.0,2022,E
property_466,"4 Bed, 5 Bath Link House for Sale in Borey Peng Huoth: The Star Platinum Eco Delta",Unit,3.0,2022,S
property_467,"8 Bed, 9 Bath Villa for Sale & Rent in Borey Peng Huoth: The Star Platinum Mastery",Villa,3.0,2022,S
property_468,"5 Bed, 6 Bath Twin Villa for Sale in Borey Peng Huoth: The Star Platinum Eco Delta",Twin Villa,3.0,2022,S
property_469,"4 Bed, 5 Bath Twin Villa for Sale in Borey Peng Huoth: The Star Platinum Eco Delta",Twin Villa,3.0,2022,S
property_470,"4 Bed, 5 Bath Link House for Sale in Veal Sbov",Unit,3.0,2022,S
property_471,House for Sale in Boeung Tumpun,House,,2022,
property_472,"1 Bed, 1 Bath Condo for Sale in BKK 3",Condo,13.0,2022,N
property_473,Land for Sale in Ou Krasar,Land/Development,,2022,
property_474,"4 Bed, 5 Bath Twin Villa for Sale in Phnom Penh Thmey",Twin Villa,3.0,2022,
property_475,"12 Bed, 12 Bath Villa for Sale in Svay Dankum",Villa,,2022,
property_476,"6 Bed, 6 Bath Villa for Sale in Siem Reap",Villa,,2022,
property_477,"5 Bed, 5 Bath Villa for Sale in Boeung Tumpun",Villa,,2022,
property_478,"3 Bed, 3 Bath Condo for Sale & Rent in Tonle Bassac",Condo,26.0,2022,
property_479,Land for Sale in Ou Krasar,Land/Development,,2022,
property_480,"4 Bed, 6 Bath House for Sale in Russey Keo",House,3.0,2022,E
property_481,"6 Bed, 9 Bath Shophouse for Sale in Boeung Prolit",Shophouse,5.0,2022,
property_482,"3 Bed, 3 Bath Condo for Sale in Orkide The Royal Condominium",Condo,3.0,2021,
property_483,"2 Bed, 1 Bath Condo for Sale in Boeung Tumpun 2",Condo,10.0,2021,
property_484,"1 Bed, 1 Bath Studio for Sale in Royal Park Condo",Studio,7.0,2020,
property_485,"3 Bed, 4 Bath Shophouse for Sale in Andoung Khmer",Shophouse,3.0,2020,
property_486,"5 Bed, 6 Bath Villa for Sale in Sala Kamraeuk",Villa,,2020,
property_487,"4 Bed, 5 Bath Twin Villa for Sale & Rent in Borey Peng Huoth: The Star Platinum Eco Melody",Twin Villa,3.0,2020,W/N
property_488,"1 Bed, 1 Bath Condo for Sale in Star City",Condo,7.0,2019,
property_489,Land for Sale in Ream,Land/Development,,2019,E
property_490,"2 Bed, 1 Bath Studio for Sale & Rent in Royal Park Condo",Studio,7.0,2020,
property_491,"2 Bed, 3 Bath House for Sale in Kandaek",House,,2020,
property_492,"6 Bed, 6 Bath House for Sale in Kouk Chak",House,,2020,
property_493,Land for Sale & Rent in BKK 1,Land/Development,2.0,2020,
property_494,"2 Bed, 2 Bath Condo for Sale in Embassy Central",Condo,17.0,2018,
property_495,"1 Bed, 1 Bath Condo for Sale in De Castle Royal Condominium",Condo,13.0,2014,W
property_496,"8 Bed, 9 Bath Villa for Sale & Rent in Phnom Penh Thmey",Villa,4.0,2014,
property_497,"3 Bed, 3 Bath House for Sale & Rent in Svay Dankum",House,2.0,2014,
property_498,"4 Bed, 5 Bath Shophouse for Sale & Rent in Preaek Lieb",Shophouse,3.0,2014,N/E
property_499,"4 Bed, 4 Bath House for Sale in Svay Dankum",House,2.0,2014,
property_500,"6 Bed, 4 Bath Flat House for Sale in Tuek L'ak 3",Retreat,,2014,
property_501,"4 Bed, 5 Bath Shophouse for Sale & Rent in Nirouth",Shophouse,3.0,2014,S
property_502,"2 Bed, 1 Bath House for Sale in Veal Vong",House,1.0,2014,E
property_503,Land for Sale in Svay Dankum,Land/Development,,2014,
property_504,"4 Bed, 5 Bath Twin Villa for Sale in Preaek Lieb",Twin Villa,3.0,2014,S
property_505,Land for Sale & Rent in Nirouth,Land/Development,3.0,2014,
property_506,"2 Bed, 1 Bath Apartment for Sale in Sen Sok Town",Apartment,,2014,S
property_507,"3 Bed, 3 Bath House for Sale in Stueng Mean chey",House,3.0,2014,W
property_508,"1 Bed, 1 Bath Condo for Sale in Royal Park Condo",Condo,6.0,2020,
property_509,"5 Bed, 6 Bath Shophouse for Sale & Rent in Preaek Lieb",Shophouse,3.0,2020,S
property_510,"5 Bed, 6 Bath Shophouse for Sale in Preaek Lieb",Shophouse,3.0,2020,W/N
property_511,"6 Bed, 4 Bath Twin Villa for Sale in Bak Kaeng",Twin Villa,3.0,2020,W
property_512,Land for Sale in Ta Khmao,Land/Development,,2020,
property_513,Land for Sale in Samraong Kraom,Land/Development,,2020,
property_514,"6 Bed, 4 Bath Link House for Sale in Phnom Penh Thmey",Unit,3.0,2020,
property_515,"4 Bed, 5 Bath House for Sale in Toul Svay Prey 1",House,4.0,2020,N
property_516,"20 Bed, 25 Bath Villa for Sale in Preaek Pra",Villa,3.0,2020,E
property_517,"7 Bed, 8 Bath Villa for Sale & Rent in Dangkao",Villa,3.0,2020,S
property_518,"4 Bed, 5 Bath Villa for Sale in Preaek Lieb",Villa,3.0,2020,
property_519,"2 Bed, 2 Bath Condo for Sale & Rent in Embassy Residences - Phnom Penh's Landmark Condominium",Condo,10.0,2020,
property_520,"3 Bed, 3 Bath Apartment for Sale & Rent in Chakto Mukh",Apartment,5.0,2020,
property_521,"5 Bed, 6 Bath Villa for Sale & Rent in Tuek Thla",Villa,2.0,2020,S
property_522,"4 Bed, 5 Bath Villa for Sale in Tuol Sangkae 1",Villa,2.0,2015,W/N
property_523,"8 Bed, 10 Bath Shophouse for Sale & Rent in Borey Peng Huoth: The Star Platinum Polaris​ II",Shophouse,,2015,W
property_524,"3 Bed, 2 Bath House for Sale in Boeung Salang",House,2.0,2015,
property_525,"5 Bed, 5 Bath Villa for Sale in Russey Keo",Villa,2.0,2015,
property_526,"3 Bed, 3 Bath House for Sale in Boeung Kak 1",House,2.0,2015,
property_527,"4 Bed, 6 Bath Shophouse for Sale in Kilomaetr Lekh Prammuoy",Shophouse,3.0,2015,
property_528,"4 Bed, 6 Bath Shophouse for Sale in Kilomaetr Lekh Prammuoy",Shophouse,3.0,2015,
property_529,"4 Bed, 6 Bath Shophouse for Sale in Orkidē Villa | The Royal",Shophouse,3.0,2021,S
property_530,"4 Bed, 5 Bath Shophouse for Sale in Borey Peng Huoth: The Star Platinum Eco Sunrise",Shophouse,3.0,2021,E/S
property_531,"5 Bed, 6 Bath Shophouse for Sale in Chroy Changvar",Shophouse,,2021,W
property_532,"5 Bed, 7 Bath Villa for Sale in Phnom Penh Thmey",Villa,2.0,2021,
property_533,"2 Bed, 1 Bath Condo for Sale in Boeung Kak 1",Condo,8.0,2021,
property_534,Land for Sale in Kouk Roka,Land/Development,,2021,
property_535,"5 Bed, 6 Bath Shophouse for Sale & Rent in Chroy Changvar",Shophouse,3.0,2021,E
property_536,"6 Bed, 6 Bath House for Sale in Dangkao",House,3.0,2021,S
property_537,"6 Bed, 3 Bath House for Sale in Toul Tum Poung 2",House,2.0,2021,
property_538,"5 Bed, 6 Bath House for Sale in Russey Keo",House,3.0,2021,
property_539,"5 Bed, 6 Bath Shophouse for Sale & Rent in Chroy Changvar",Shophouse,,2021,E
property_540,"5 Bed, 6 Bath Shophouse for Sale & Rent in Chroy Changvar",Shophouse,,2021,E
property_541,Land for Sale in Chum Kriel,Land/Development,,2021,
property_542,"5 Bed, 6 Bath Shophouse for Sale & Rent in Preaek Lieb",Shophouse,3.0,2021,W/N
property_543,"4 Bed, 5 Bath House for Sale in Russey Keo",House,3.0,2021,
property_544,"4 Bed, 4 Bath House for Sale in Boeung Salang",House,2.0,2021,W
property_545,"4 Bed, 2 Bath House for Sale in BKK 3",House,3.0,2021,S
property_546,"1 Bed, 1 Bath Condo for Sale in The Bridge",Condo,16.0,2018,
property_547,"4 Bed, 5 Bath House for Sale in Russey Keo",House,3.0,2018,
property_548,"4 Bed, 5 Bath House for Sale in Russey Keo",House,2.0,2018,
property_549,"2 Bed, 1 Bath Shophouse for Sale in Phsar Kandal II",Shophouse,,2018,
property_550,House for Sale in Chak Angrae Kraom,House,2.0,2018,
property_551,"5 Bed, 6 Bath Shophouse for Sale & Rent in Chroy Changvar",Shophouse,3.0,2018,W
property_552,"2 Bed, 3 Bath Link House for Sale in Preaek Ampil",Unit,2.0,2018,N
property_553,"3 Bed, 3 Bath Link House for Sale in Preaek Ampil",Unit,2.0,2018,S
property_554,"2 Bed, 3 Bath Shophouse for Sale in Cheung Kaeub",Shophouse,2.0,2018,S
property_555,"3 Bed, 2 Bath Condo for Sale in Camko City",Condo,8.0,2018,
property_556,"5 Bed, 6 Bath Villa for Sale & Rent in Chak Angrae Kraom",Villa,3.0,2018,S
property_557,Land for Sale in Preaek Thmei,Land/Development,,2018,
property_558,"1 Bed, 1 Bath Condo for Sale in Boeung Tumpun",Condo,23.0,2018,
property_559,"1 Bed, 1 Bath Condo for Sale in Veal Vong",Condo,19.0,2018,
property_560,"7 Bed, 4 Bath House for Sale & Rent in BKK 3",House,3.0,2018,N
property_561,Land for Sale in Samraong Kraom,Land/Development,,2018,
property_562,"4 Bed, 5 Bath Twin Villa for Sale & Rent in Chroy Changvar",Twin Villa,3.0,2018,N
property_563,"4 Bed, 5 Bath Twin Villa for Sale & Rent in Chroy Changvar",Twin Villa,3.0,2018,S
property_564,"4 Bed, 5 Bath Twin Villa for Sale in Chroy Changvar",Twin Villa,3.0,2018,S
property_565,Land for Sale in Kouk Roka,Land/Development,,2018,
property_566,Land for Sale in Kouk Roka,Land/Development,,2018,
property_567,"2 Bed, 3 Bath House for Sale in Prey Sa",House,1.0,2018,E
property_568,"2 Bed, 3 Bath House for Sale in Dangkao",House,1.0,2018,N
property_569,"5 Bed, 6 Bath Shophouse for Sale in Chroy Changvar",Shophouse,3.0,2018,S/W
property_570,"1 Bed, 1 Bath Studio for Sale in Boeung Kak 2",Studio,18.0,2018,
property_571,"4 Bed, 5 Bath Link House for Sale in Krang Thnong",Unit,3.0,2018,W
property_572,"4 Bed, 5 Bath Shophouse for Sale in Borey Peng Huoth: The Star Platinum Polaris​ II",Shophouse,3.0,2018,S
property_573,"4 Bed, 5 Bath Shophouse for Sale in Borey Peng Huoth: The Star Platinum Polaris​ II",Shophouse,3.0,2018,S
property_574,"2 Bed, 2 Bath House for Sale in Boeung Tumpun",House,2.0,2018,S
property_575,"2 Bed, 3 Bath House for Sale in Krang Thnong",House,3.0,2018,S
property_576,"5 Bed, 5 Bath Shophouse for Sale in Toul Svay Prey 2",Shophouse,3.0,2018,E
property_577,"4 Bed, 5 Bath Shophouse for Sale in Preaek Ta Sek",Shophouse,3.0,2018,S
property_578,"4 Bed, 5 Bath Twin Villa for Sale & Rent in Borey Peng Huoth: The Star Platinum",Twin Villa,3.0,2018,S
property_579,"1 Bed, 1 Bath Studio for Sale & Rent in Kouk Khleang",Studio,7.0,2018,
property_580,"1 Bed, 1 Bath Studio for Sale in Boeung Kak 2",Studio,16.0,2018,
property_581,Land for Sale in Kakap,Land/Development,,2018,
property_582,Land for Sale in Kouk Roka,Land/Development,,2018,
property_583,"2 Bed, 2 Bath Condo for Sale in Olympia City",Condo,20.0,2019,
property_584,"1 Bed, 1 Bath Condo for Sale & Rent in Mekong View Tower 6",Condo,15.0,2020,
property_585,"1 Bed, 1 Bath Condo for Sale in Phnom Penh Thmey",Condo,9.0,2020,
property_586,"3 Bed, 4 Bath Penthouse for Sale in Mekong View Tower 6",Penthouse,23.0,2020,
property_587,"4 Bed, 5 Bath Shophouse for Sale in Borey Peng Huoth: The Star Platinum Polaris​ II",Shophouse,3.0,2020,S
property_588,"3 Bed, 3 Bath Shophouse for Sale & Rent in BKK 3",Shophouse,3.0,2020,S
property_589,"1 Bed, 1 Bath Studio for Sale in Boeung Kak 2",Studio,15.0,2020,
property_590,"4 Bed, 5 Bath Link House for Sale in Borey Peng Huoth: The Star Platinum Eco Romance",Unit,3.0,2020,N
property_591,Land for Sale in Kouk Khleang,Land/Development,,2020,
property_592,Land for Sale in Kamboul,Land/Development,,2020,
property_593,"4 Bed, 5 Bath Twin Villa for Sale in Borey Peng Huoth: The Star Platinum Rosato",Twin Villa,,2020,E
property_594,"8 Bed, 10 Bath Link House for Sale in Veal Sbov",Unit,,2020,S
property_595,"4 Bed, 5 Bath Twin Villa for Sale & Rent in Borey Peng Huoth: The Star Platinum Euro Ville",Twin Villa,,2020,N
property_596,Land for Sale in Kbal Kaoh,Land/Development,,2020,
property_597,Flat for Sale in Kakab 2,Flat,,2020,N
property_598,Flat for Sale in Boeung Tumpun,Flat,,2020,
property_599,Land for Sale in Krang Thnong,Land/Development,,2020,
property_600,"4 Bed, 5 Bath Twin Villa for Sale in Borey Peng Huoth : The Star Diamond",Twin Villa,3.0,2020,E
property_601,"4 Bed, 5 Bath Flat for Sale in Chaom Chau 2",Flat,3.0,2020,N
property_602,"4 Bed, 5 Bath Shophouse for Sale in Chak Angrae Leu",Shophouse,3.0,2020,W
property_603,"1 Bed, 1 Bath Condo for Sale in BKK 3",Condo,8.0,2020,
property_604,"5 Bed, 6 Bath Twin Villa for Sale in Borey Peng Huoth: The Star Platinum Eco Melody",Twin Villa,3.0,2020,S/W
property_605,1 Bath Studio for Sale in Tonle Bassac,Studio,17.0,2020,
property_606,"2 Bed, 3 Bath House for Sale in Dangkao",House,,2020,
property_607,"4 Bed, 5 Bath Villa for Sale in Preaek Lieb",Villa,3.0,2020,
property_608,Land for Sale in Samraong Kraom,Land/Development,,2020,
property_609,"4 Bed, 5 Bath Link House for Sale in Borey Peng Huoth: The Star Platinum Eco Delta",Unit,3.0,2020,N
property_610,"1 Bed, 1 Bath Condo for Sale in The Skyline",Condo,30.0,2020,
property_611,"4 Bed, 5 Bath Twin Villa for Sale in Borey Peng Huoth: The Star Platinum Eco Melody",Twin Villa,,2020,E
property_612,Land for Sale in Tien,Land/Development,,2020,
property_613,"6 Bed, 4 Bath House for Sale in Tumnob Tuek",House,,2020,
property_614,"4 Bed, 5 Bath Twin Villa for Sale in Borey Peng Huoth: The Star Platinum Eco Romance",Twin Villa,3.0,2020,E
property_615,"4 Bed, 5 Bath Shophouse for Sale in Nirouth",Shophouse,3.0,2020,W
property_616,"7 Bed, 9 Bath Villa for Sale in Borey Peng Huoth: The Star Platinum Eco Veranda",Villa,3.0,2020,N
property_617,"4 Bed, 5 Bath Shophouse for Sale & Rent in Borey Peng Huoth : The Star Diamond",Shophouse,3.0,2020,W
property_618,"6 Bed, 7 Bath Villa for Sale in Preaek Aeng",Villa,2.0,2020,E
property_619,"1 Bed, 1 Bath Condo for Sale in Nirouth",Condo,8.0,2020,
property_620,Land for Sale in Ta Khmao,Land/Development,,2020,
property_621,"3 Bed, 4 Bath Shophouse for Sale in Boeung Salang",Shophouse,,2020,
property_622,Land for Sale in Kamboul,Land/Development,,2020,
property_623,"2 Bed, 2 Bath Condo for Sale & Rent in Boeung Kak 1",Condo,7.0,2020,
property_624,"4 Bed, 5 Bath Twin Villa for Sale in Chrang Chamres I",Twin Villa,,2020,N
property_625,Land for Sale & Rent in Toul Tum Poung 2,Land/Development,,2020,
property_626,Land for Sale in Toul Tum Poung 2,Land/Development,,2020,
property_627,"4 Bed, 5 Bath Villa for Sale & Rent in Preaek Aeng",Villa,,2020,E
property_628,"4 Bed, 5 Bath Villa for Sale in Veal Sbov",Villa,,2020,W
property_629,"4 Bed, 5 Bath Twin Villa for Sale in Borey Peng Huoth: The Star Platinum Eco Delta",Twin Villa,,2020,N/E
property_630,"4 Bed, 4 Bath Villa for Sale in Kamboul",Villa,2.0,2020,
property_631,"4 Bed, 4 Bath Villa for Sale in Kamboul",Villa,2.0,2020,
property_632,"4 Bed, 4 Bath Villa for Sale in Kamboul",Villa,2.0,2020,
property_633,"2 Bed, 1 Bath Condo for Sale in Chak Angrae Leu",Condo,,2020,
property_634,"4 Bed, 5 Bath Twin Villa for Sale in Preaek Aeng",Twin Villa,,2020,E
property_635,"1 Bed, 1 Bath Condo for Sale & Rent in Snowbell Hotel@The Bridge SOHO",Condo,19.0,2019,
property_636,"5 Bed, 5 Bath Villa for Sale in Ta Khmao",Villa,,2019,S
property_637,"5 Bed, 6 Bath Twin Villa for Sale in Borey Peng Huoth: The Star Platinum Roseville",Twin Villa,,2019,W
property_638,"8 Bed, 9 Bath Twin Villa for Sale & Rent in Borey Peng Huoth: The Star Platinum Euro Ville",Twin Villa,,2019,N
property_639,"5 Bed, 6 Bath Twin Villa for Sale in Borey Peng Huoth: The Star Platinum Roseville",Twin Villa,,2019,S
property_640,"4 Bed, 5 Bath Link House for Sale in Borey Peng Huoth: The Star Platinum Eco Romance",Unit,,2019,N
property_641,"3 Bed, 3 Bath Condo for Sale in Chroy Changvar",Condo,7.0,2019,
property_642,"2 Bed, 2 Bath Condo for Sale & Rent in Boeng Reang",Condo,21.0,2019,
property_643,"4 Bed, 3 Bath Link House for Sale & Rent in Tuol Sangkae 2",Unit,,2019,S
property_644,"3 Bed, 4 Bath Flat House for Sale in Kouk Khleang",Retreat,,2019,E
property_645,"2 Bed, 2 Bath Condo for Sale in BKK 1",Condo,10.0,2019,N/E
property_646,"4 Bed, 5 Bath Shophouse for Sale in Nirouth",Shophouse,3.0,2019,S
property_647,"8 Bed, 10 Bath Shophouse for Sale & Rent in Veal Sbov",Shophouse,3.0,2019,W
property_648,"4 Bed, 5 Bath Shophouse for Sale in Borey Peng Huoth: The Star Platinum Eco Sunrise",Shophouse,3.0,2019,E/S
property_649,"3 Bed, 4 Bath Link House for Sale in Borey Peng Huoth : The Star Platinum Mercurean II",Unit,3.0,2019,S
property_650,Land for Sale in Trapeang Krasang,Land/Development,,2019,
property_651,"3 Bed, 3 Bath House for Sale in Samraong Kraom",House,2.0,2019,
property_652,"2 Bed, 1 Bath Condo for Sale in BKK 3",Condo,24.0,2019,S
property_653,"4 Bed, 5 Bath Shophouse for Sale & Rent in Borey Peng Huoth: The Star Platinum Polaris​ II",Shophouse,3.0,2019,N
property_654,"4 Bed, 6 Bath Link House for Sale in Nirouth",Unit,3.0,2019,N
property_655,"4 Bed, 5 Bath Shophouse for Sale in Kilomaetr Lekh Prammuoy",Shophouse,3.0,2019,
property_656,"5 Bed, 7 Bath Villa for Sale in Tonle Bassac",Villa,,2019,
property_657,"5 Bed, 7 Bath Villa for Sale in Boeung Kak 1",Villa,,2019,N
property_658,Land for Sale in Chaom Chau 1,Land/Development,,2019,
property_659,"2 Bed, 2 Bath Condo for Sale in BKK 1",Condo,17.0,2019,N
property_660,"3 Bed, 2 Bath House for Sale & Rent in Chakto Mukh",House,,2019,
property_661,Land for Sale in Cheung Kaeub,Land/Development,,2019,
property_662,"4 Bed, 5 Bath Villa for Sale in Preaek Kampues",Villa,3.0,2019,
property_663,"4 Bed, 2 Bath House for Sale in BKK 3",House,3.0,2019,S
property_664,"2 Bed, 3 Bath Flat for Sale in Veal Sbov",Flat,,2019,E/S
property_665,"4 Bed, 5 Bath Twin Villa for Sale in Borey Peng Huoth: The Star Platinum Athina",Twin Villa,,2019,E/S
property_666,"4 Bed, 5 Bath Shophouse for Sale in Borey Peng Huoth: The Star Platinum Eco Sunrise",Shophouse,,2019,E/S
property_667,"5 Bed, 6 Bath Villa for Sale in Veal Sbov",Villa,,2019,E/S
property_668,"5 Bed, 6 Bath Villa for Sale in Borey Peng Huoth: The Star Platinum Mastery",Villa,3.0,2019,
property_669,Land for Sale in Ponsang,Land/Development,,2019,
property_670,"5 Bed, 6 Bath Villa for Sale in Kouk Khleang",Villa,3.0,2019,
property_671,Land for Sale in Kamboul,Land/Development,,2019,
property_672,"4 Bed, 5 Bath Shophouse for Sale in Preaek Lieb",Shophouse,3.0,2019,
property_673,"5 Bed, 6 Bath House for Sale in Krang Thnong",House,,2019,S
property_674,"4 Bed, 6 Bath Twin Villa for Sale in Borey The Varina Sen Sok",Twin Villa,3.0,2021,N
property_675,"4 Bed, 5 Bath Shophouse for Sale in Kouk Khleang",Shophouse,3.0,2021,E
property_676,"4 Bed, 5 Bath Link House for Sale in Borey Peng Huoth : The Star Platinum Mercurean II",Unit,3.0,2021,S
property_677,"4 Bed, 5 Bath House for Sale in Tuek Thla",House,,2021,W
property_678,"4 Bed, 5 Bath Shophouse for Sale in Borey Peng Huoth: The Star Platinum Polaris​ II",Shophouse,3.0,2021,N
property_679,"7 Bed, 8 Bath House for Sale in Nirouth",House,3.0,2021,W
property_680,"8 Bed, 13 Bath Villa for Sale in Nirouth",Villa,4.0,2021,W
property_681,Land for Sale in Akreiy Ksatr,Land/Development,,2021,
property_682,Land for Sale in Svay Chrum,Land/Development,,2021,
property_683,"1 Bed, 1 Bath Condo for Sale in Mekong View Tower 6",Condo,10.0,2020,
property_684,"2 Bed, 2 Bath Condo for Sale in Chroy Changvar",Condo,5.0,2020,
property_685,Land for Sale in Phsar Daeum Thkov,Land/Development,,2020,
property_686,"2 Bed, 2 Bath Condo for Sale in Chroy Changvar",Condo,5.0,2020,
property_687,"2 Bed, 2 Bath Condo for Sale in Svay Dankum",Condo,,2020,
property_688,"4 Bed, 5 Bath Flat for Sale in Boeung Tumpun",Flat,3.0,2020,
property_689,"4 Bed, 2 Bath Flat for Sale in Vihear Suork",Flat,,2020,N
property_690,"4 Bed, 5 Bath Flat for Sale in Kakap",Flat,3.0,2020,
property_691,"4 Bed, 5 Bath Shophouse for Sale & Rent in Borey Peng Huoth : The Star Diamond",Shophouse,3.0,2020,N
property_692,"4 Bed, 5 Bath Shophouse for Sale in Borey Peng Huoth: The Star Platinum Polaris​ II",Shophouse,3.0,2020,S
property_693,"2 Bed, 3 Bath Flat for Sale in Veal Sbov",Flat,,2020,S/W
property_694,"2 Bed, 3 Bath Flat for Sale in Veal Sbov",Flat,,2020,N/E
property_695,"2 Bed, 3 Bath Flat for Sale in Ta Khmao",Flat,2.0,2020,W
property_696,"4 Bed, 5 Bath Shophouse for Sale in Borey Peng Huoth: The Star Platinum Polaris​ II",Shophouse,3.0,2020,S
property_697,"4 Bed, 5 Bath Shophouse for Sale in Borey Peng Huoth: The Star Platinum Roseville",Shophouse,3.0,2020,W
property_698,"4 Bed, 5 Bath House for Sale in Tuek Thla",House,,2020,W
property_699,"2 Bed, 3 Bath House for Sale in Ta Khmao",House,1.0,2020,N
property_700,"10 Bed, 12 Bath Villa for Sale in Borey Peng Huoth: The Star Platinum Eco Veranda",Villa,3.0,2020,N
property_701,"6 Bed, 6 Bath Flat for Sale in Veal Sbov",Flat,3.0,2020,S
property_702,"2 Bed, 2 Bath Condo for Sale in Olympia City",Condo,9.0,2019,N
property_703,"1 Bed, 1 Bath Apartment for Sale & Rent in Chroy Changvar",Apartment,12.0,2019,
property_704,"5 Bed, 6 Bath Villa for Sale in Borey Peng Huoth: The Star Platinum Herminus",Villa,3.0,2019,S
property_705,"4 Bed, 6 Bath Twin Villa for Sale in Chaom Chau",Twin Villa,3.0,2019,W/N
property_706,"2 Bed, 3 Bath Flat for Sale in Veal Sbov",Flat,2.0,2019,E
property_707,"4 Bed, 4 Bath House for Sale & Rent in BKK 2",House,,2019,E
property_708,"5 Bed, 4 Bath House for Sale in BKK 3",House,,2019,N
property_709,"1 Bed, 1 Bath Apartment for Sale & Rent in Boeung Trabek",Apartment,5.0,2019,
property_710,"1 Bed, 1 Bath Apartment for Sale & Rent in Olympic",Apartment,4.0,2019,
property_711,"4 Bed, 5 Bath Villa for Sale in Krang Thnong",Villa,,2019,
property_712,"4 Bed, 5 Bath Link House for Sale in Veal Sbov",Unit,,2019,
property_713,"3 Bed, 2 Bath House for Sale & Rent in Toul Tum Poung 2",House,,2019,
property_714,"9 Bed, 7 Bath House for Sale in Toul Svay Prey 1",House,,2019,S
property_715,"3 Bed, 4 Bath Villa for Sale in Ta Khmao",Villa,1.0,2019,W
property_716,"5 Bed, 8 Bath Twin Villa for Sale in Nirouth",Twin Villa,3.0,2019,W
property_717,"4 Bed, 5 Bath Shophouse for Sale in Veal Sbov",Shophouse,3.0,2019,N
property_718,"6 Bed, 5 Bath Villa for Sale & Rent in Chaom Chau 3",Villa,,2019,S
property_719,"11 Bed, 11 Bath Villa for Sale & Rent in BKK 3",Villa,,2019,S
property_720,"4 Bed, 5 Bath Villa for Sale in Nirouth",Villa,3.0,2019,N
property_721,"3 Bed, 3 Bath Link House for Sale in Nirouth",Unit,,2019,S
property_722,"4 Bed, 5 Bath Shophouse for Sale in Veal Sbov",Shophouse,3.0,2019,E/S
property_723,"5 Bed, 6 Bath Villa for Sale in Nirouth",Villa,3.0,2019,E
property_724,"3 Bed, 4 Bath Link House for Sale & Rent in Borey Peng Huoth : The Star Platinum Mercurean II",Unit,,2019,N/E
property_725,"4 Bed, 5 Bath Twin Villa for Sale in Veal Sbov",Twin Villa,3.0,2019,N
property_726,"4 Bed, 5 Bath Villa for Sale in Nirouth",Villa,3.0,2019,S
property_727,"5 Bed, 5 Bath Twin Villa for Sale in Veal Sbov",Twin Villa,3.0,2019,N
property_728,"4 Bed, 5 Bath Twin Villa for Sale in Nirouth",Twin Villa,,2019,
property_729,"4 Bed, 5 Bath Shophouse for Sale & Rent in Veal Sbov",Shophouse,3.0,2019,E/S
property_730,"4 Bed, 5 Bath Link House for Sale in Veal Sbov",Unit,3.0,2019,W/N
property_731,"4 Bed, 3 Bath Condo for Sale in The Bridge",Condo,45.0,2018,
property_732,"5 Bed, 6 Bath Twin Villa for Sale in Nirouth",Twin Villa,3.0,2018,N
property_733,"4 Bed, 5 Bath Shophouse for Sale in Nirouth",Shophouse,3.0,2018,S
property_734,"4 Bed, 7 Bath Shophouse for Sale in Stueng Mean chey 3",Shophouse,3.0,2018,E
property_735,"8 Bed, 8 Bath House for Sale in BKK 3",House,,2018,
property_736,"3 Bed, 2 Bath Apartment for Sale & Rent in Boeung Trabek",Apartment,8.0,2018,
property_737,"1 Bed, 1 Bath Condo for Sale in Veal Vong",Condo,36.0,2018,S
property_738,"4 Bed, 5 Bath Link House for Sale in Borey Peng Huoth : The Star Platinum Mercurean II",Unit,,2018,E/S
property_739,"4 Bed, 5 Bath Twin Villa for Sale in Borey Peng Huoth : The Star Platinum Mercurean II",Twin Villa,,2018,E
property_740,"6 Bed, 3 Bath House for Sale in Boeng Reang",House,,2018,S
property_741,"4 Bed, 5 Bath Villa for Sale in Nirouth",Villa,3.0,2018,S
property_742,"4 Bed, 5 Bath Twin Villa for Sale in Veal Sbov",Twin Villa,3.0,2018,N
property_743,"5 Bed, 6 Bath Villa for Sale & Rent in Borey Peng Huoth: The Star Platinum Eco Veranda",Villa,,2018,N
property_744,"4 Bed, 5 Bath Link House for Sale in Borey Peng Huoth: The Star Platinum Eco Delta",Unit,,2018,N/E
property_745,"4 Bed, 5 Bath Twin Villa for Sale in Preaek Kampues",Twin Villa,3.0,2018,
property_746,"1 Bed, 1 Bath Condo for Sale in Chroy Changvar",Condo,8.0,2018,
property_747,"2 Bed, 2 Bath Condo for Sale in Chak Angrae Leu",Condo,22.0,2018,
property_748,"4 Bed, 5 Bath Shophouse for Sale in Veal Sbov",Shophouse,3.0,2018,E/S
property_749,"2 Bed, 3 Bath Flat for Sale in Veal Sbov",Flat,,2018,N
property_750,"4 Bed, 5 Bath Link House for Sale in Borey Peng Huoth: The Star Platinum Eco Delta",Unit,,2018,N/E
property_751,"5 Bed, 5 Bath House for Sale in BKK 3",House,,2018,
property_752,"4 Bed, 5 Bath Twin Villa for Sale & Rent in Preaek Kampues",Twin Villa,3.0,2018,
property_753,"3 Bed, 3 Bath Villa for Sale & Rent in Preaek Kampues",Villa,3.0,2018,
property_754,"3 Bed, 3 Bath Villa for Sale & Rent in Preaek Kampues",Villa,3.0,2018,
property_755,"4 Bed, 5 Bath Link House for Sale in Borey Peng Huoth : The Star Platinum Mercurean II",Unit,,2018,S
property_756,"5 Bed, 4 Bath Villa for Sale & Rent in Chroy Changvar",Villa,4.0,2018,
property_757,"4 Bed, 5 Bath Link House for Sale in Dangkao",Unit,,2018,W
property_758,Land for Sale in Ta Khmao,Land/Development,,2018,
property_759,"4 Bed, 5 Bath Twin Villa for Sale in Prey Sa",Twin Villa,3.0,2018,N
property_760,"4 Bed, 4 Bath Twin Villa for Sale & Rent in Bak Kaeng",Twin Villa,,2018,S
property_761,"4 Bed, 5 Bath Twin Villa for Sale in Bak Kaeng",Twin Villa,,2018,W
property_762,Land for Sale in Krang Thnong,Land/Development,,2018,
property_763,"4 Bed, 4 Bath Twin Villa for Sale & Rent in Bak Kaeng",Twin Villa,,2018,S
property_764,Land for Sale in Kouk Roka,Land/Development,,2018,
property_765,"4 Bed, 5 Bath Twin Villa for Sale in Bak Kaeng",Twin Villa,3.0,2018,
property_766,Land for Sale in Kouk Roka,Land/Development,,2018,
property_767,"4 Bed, 5 Bath Shophouse for Sale & Rent in Prey Sa",Shophouse,,2018,N
property_768,Land for Sale in Veal Sbov,Land/Development,,2018,
property_769,"4 Bed, 5 Bath Shophouse for Sale & Rent in Nirouth",Shophouse,3.0,2018,E/S
property_770,"2 Bed, 1 Bath Condo for Sale in Chak Angrae Leu",Condo,39.0,2018,
property_771,"7 Bed, 6 Bath Villa for Sale & Rent in Preaek Thmei",Villa,3.0,2018,S
property_772,Land for Sale in Kouk Roka,Land/Development,,2018,
property_773,Land for Sale in Krang Thnong,Land/Development,,2018,
property_774,"2 Bed, 1 Bath Condo for Sale in The Penthouse Residence",Condo,19.0,2020,
property_775,"2 Bed, 2 Bath Condo for Sale in Tonle Bassac",Condo,26.0,2020,
property_776,"2 Bed, 1 Bath Condo for Sale in BKK 3",Condo,23.0,2020,N
property_777,"2 Bed, 1 Bath Condo for Sale in Boeung Tumpun 2",Condo,18.0,2020,
property_778,"4 Bed, 5 Bath Link House for Sale in Preaek Aeng",Unit,,2020,
property_779,"2 Bed, 2 Bath Condo for Sale in Tonle Bassac",Condo,9.0,2020,
property_780,"4 Bed, 2 Bath House for Sale in Boeng Reang",House,,2020,S
property_781,"5 Bed, 6 Bath Villa for Sale & Rent in Preaek Ta Sek",Villa,3.0,2020,
property_782,"4 Bed, 5 Bath Twin Villa for Sale & Rent in Preaek Lieb",Twin Villa,3.0,2020,
property_783,"2 Bed, 3 Bath Shophouse for Sale in Boeng Reang",Shophouse,,2020,
property_784,"4 Bed, 5 Bath Shophouse for Sale & Rent in Preaek Anhchanh",Shophouse,3.0,2020,S/W
property_785,"1 Bed, 1 Bath Apartment for Sale & Rent in Phsar Thmei III",Apartment,2.0,2020,
property_786,"4 Bed, 5 Bath Shophouse for Sale in Preaek Anhchanh",Shophouse,3.0,2020,N/E
property_787,"7 Bed, 8 Bath Villa for Sale & Rent in BKK 1",Villa,,2020,N
property_788,"4 Bed, 5 Bath Twin Villa for Sale in Chak Angrae Kraom",Twin Villa,3.0,2020,S
property_789,"6 Bed, 8 Bath Shophouse for Sale in Nirouth",Shophouse,3.0,2020,S
property_790,"4 Bed, 5 Bath Shophouse for Sale in Cheung Kaeub",Shophouse,3.0,2020,N
property_791,"5 Bed, 6 Bath Twin Villa for Sale in Borey Peng Huoth : The Star Diamond",Twin Villa,3.0,2020,S
property_792,"4 Bed, 5 Bath Shophouse for Sale in Nirouth",Shophouse,3.0,2020,S
property_793,"5 Bed, 5 Bath Twin Villa for Sale in Nirouth",Twin Villa,3.0,2020,S
property_794,"4 Bed, 6 Bath Shophouse for Sale in Tuek L'ak 2",Shophouse,3.0,2020,W
property_795,"4 Bed, 5 Bath Twin Villa for Sale in Nirouth",Twin Villa,3.0,2020,W
property_796,"1 Bed, 1 Bath Condo for Sale in Phnom Penh Thmey",Condo,12.0,2020,
property_797,"4 Bed, 5 Bath Twin Villa for Sale in Chak Angrae Leu",Twin Villa,3.0,2020,
property_798,"5 Bed, 6 Bath Twin Villa for Sale in Nirouth",Twin Villa,3.0,2020,N
property_799,"6 Bed, 7 Bath Shophouse for Sale in BKK 3",Shophouse,,2020,N
property_800,"5 Bed, 7 Bath Villa for Sale & Rent in Preaek Lieb",Villa,3.0,2020,S
property_801,"5 Bed, 6 Bath Shophouse for Sale & Rent in BKK 3",Shophouse,,2020,N
property_802,Land for Sale in Nirouth,Land/Development,,2020,
property_803,"4 Bed, 5 Bath Shophouse for Sale in Nirouth",Shophouse,,2020,E
property_804,"4 Bed, 5 Bath Shophouse for Sale in Chak Angrae Kraom",Shophouse,,2020,E
property_805,"3 Bed, 3 Bath Apartment for Sale in Wat Phnom",Apartment,,2020,
property_806,Land for Sale & Rent in Stueng Mean chey 2,Land/Development,,2020,
property_807,"4 Bed, 5 Bath Link House for Sale in Preaek Lieb",Unit,,2020,S
property_808,"4 Bed, 5 Bath Link House for Sale in Borey Peng Huoth: The Star Platinum",Unit,,2020,S
property_809,Land for Sale in Sangkat Muoy,Land/Development,,2020,
property_810,"3 Bed, 3 Bath House for Sale in Sla Kram",House,,2020,
property_811,"3 Bed, 3 Bath Condo for Sale in Tonle Bassac",Condo,20.0,2020,
property_812,Land for Sale in Preaek Thmei,Land/Development,,2020,
property_813,Land for Sale in Preaek Thmei,Land/Development,,2020,
property_814,"4 Bed, 5 Bath Twin Villa for Sale in Chak Angrae Kraom",Twin Villa,,2020,N
property_815,"2 Bed, 1 Bath Condo for Sale in Chak Angrae Leu",Condo,11.0,2020,
property_816,"5 Bed, 5 Bath Shophouse for Sale & Rent in BKK 2",Shophouse,4.0,2020,E
property_817,"7 Bed, 7 Bath Twin Villa for Sale in Prey Sa",Twin Villa,,2020,S
property_818,"2 Bed, 3 Bath Link House for Sale in Bak Kaeng",Unit,,2020,S
property_819,"3 Bed, 4 Bath House for Sale in Bak Kaeng",House,,2020,S
property_820,"4 Bed, 6 Bath Villa for Sale in Phsar Daeum Thkov",Villa,,2020,
property_821,"4 Bed, 5 Bath Twin Villa for Sale in Bak Kaeng",Twin Villa,,2020,S
property_822,"6 Bed, 4 Bath House for Sale in BKK 2",House,,2020,N
property_823,Land for Sale in Boeung Tumpun,Land/Development,,2020,
property_824,"9 Bed, 5 Bath House for Sale & Rent in BKK 2",House,,2020,
property_825,"5 Bed, 5 Bath House for Sale in Tonle Bassac",House,,2020,
property_826,"6 Bed, 6 Bath Shophouse for Sale & Rent in Tuek Thla",Shophouse,,2020,N
property_827,"2 Bed, 2 Bath Condo for Sale & Rent in Chroy Changvar",Condo,5.0,2020,
property_828,Land for Sale in Preaek Lieb,Land/Development,,2020,
property_829,"5 Bed, 9 Bath Villa for Sale in Preaek Lieb",Villa,,2020,
property_830,"1 Bed, 1 Bath Studio for Sale & Rent in BKK 1",Studio,8.0,2020,
property_831,"8 Bed, 6 Bath Villa for Sale & Rent in Phnom Penh Thmey",Villa,,2020,
property_832,Land for Sale in Sangkat Buon,Land/Development,,2020,
property_833,"5 Bed, 6 Bath House for Sale in Sangkat Bei",House,,2020,
property_834,"6 Bed, 6 Bath Villa for Sale in Traeuy Kaoh",Villa,2.0,2020,W
property_835,"5 Bed, 7 Bath Villa for Sale in Chrang Chamres 2",Villa,,2020,E
property_836,"1 Bed, 1 Bath Condo for Sale in Chroy Changvar",Condo,10.0,2020,
property_837,"4 Bed, 5 Bath Link House for Sale in Chaom Chau",Unit,,2020,
property_838,Land for Sale & Rent in Phsar Daeum Thkov,Land/Development,,2020,
property_839,Land for Sale in Preaek Aeng,Land/Development,,2020,
property_840,Land for Sale in Veal Sbov,Land/Development,,2020,
property_841,"6 Bed, 6 Bath Flat for Sale in Tuek L'ak 3",Flat,3.0,2020,E
property_842,"5 Bed, 5 Bath Flat for Sale in Boeung Salang",Flat,3.0,2020,N
property_843,"7 Bed, 6 Bath Flat for Sale in Tuek L'ak 3",Flat,,2020,W
property_844,"1 Bed, 1 Bath Studio for Sale & Rent in Boeung Kak 2",Studio,20.0,2020,
property_845,"2 Bed, 2 Bath Condo for Sale in Chroy Changvar",Condo,10.0,2020,N/E
property_846,Villa for Sale in Stueng Mean chey,Villa,3.0,2020,
property_847,"8 Bed, 10 Bath Twin Villa for Sale in Nirouth",Twin Villa,3.0,2020,W/N
property_848,"4 Bed, 5 Bath Villa for Sale in Nirouth",Villa,3.0,2020,
property_849,"4 Bed, 5 Bath Twin Villa for Sale in Nirouth",Twin Villa,3.0,2020,S/W
property_850,"4 Bed, 5 Bath Shophouse for Sale in Veal Sbov",Shophouse,3.0,2020,S
property_851,"9 Bed, 11 Bath Villa for Sale in Veal Sbov",Villa,3.0,2020,S
property_852,"5 Bed, 6 Bath Shophouse for Sale in Tuek L'ak 3",Shophouse,,2020,E
property_853,"5 Bed, 6 Bath Villa for Sale in Preaek Kampues",Villa,3.0,2020,E/S
property_854,"4 Bed, 5 Bath Link House for Sale in Krang Thnong",Unit,,2020,E
property_855,"4 Bed, 5 Bath Shophouse for Sale in Bak Kaeng",Shophouse,,2020,S
property_856,Land for Sale in Chroy Changvar,Land/Development,,2020,
property_857,"1 Bed, 1 Bath Apartment for Sale & Rent in Veal Vong",Apartment,7.0,2020,
property_858,"1 Bed, 1 Bath Condo for Sale in Tuek Thla",Condo,18.0,2020,N
property_859,"4 Bed, 5 Bath Twin Villa for Sale in Veal Sbov",Twin Villa,3.0,2020,N
property_860,"2 Bed, 2 Bath Shophouse for Sale in Tuek L'ak 2",Shophouse,2.0,2020,N
property_861,"3 Bed, 3 Bath Shophouse for Sale in Tuek L'ak 2",Shophouse,2.0,2020,N
property_862,Land for Sale in Tuek L'ak 2,Land/Development,,2020,
property_863,"4 Bed, 5 Bath Link House for Sale in Tonle Bassac",Unit,,2020,N
property_864,"1 Bed, 1 Bath Studio for Sale in Boeung Kak 2",Studio,8.0,2020,
property_865,"4 Bed, 5 Bath Shophouse for Sale in Borey Peng Huoth: The Star Platinum Polaris‚Äã I",Shophouse,,2020,
property_866,"9 Bed, 11 Bath Villa for Sale in Borey Peng Huoth: The Star Platinum Eco Melody",Villa,,2020,
property_867,"3 Bed, 4 Bath House for Sale in Sala Kamraeuk",House,,2020,
property_868,Land for Sale in Kampong Kraeng,Land/Development,,2020,
property_869,Land for Sale in Kampong Kraeng,Land/Development,,2020,
property_870,Land for Sale & Rent in Phnom Penh Thmey,Land/Development,,2020,
property_871,Land for Sale in Toul Svay Prey 1,Land/Development,,2020,
property_872,"9 Bed, 8 Bath Villa for Sale & Rent in Chrang Chamres 2",Villa,,2020,
property_873,"2 Bed, 2 Bath Villa for Sale in Chreav",Villa,,2020,
property_874,"4 Bed, 5 Bath Shophouse for Sale in Nirouth",Shophouse,,2020,E
property_875,"4 Bed, 5 Bath Shophouse for Sale in Veal Sbov",Shophouse,,2020,W/N
property_876,"4 Bed, 5 Bath Shophouse for Sale & Rent in Veal Sbov",Shophouse,,2020,S
property_877,Flat for Sale in Phsar Daeum Thkov,Flat,,2020,
property_878,"7 Bed, 9 Bath Villa for Sale in Borey Peng Huoth: The Star Platinum Eco Melody",Villa,,2020,N
property_879,"4 Bed, 5 Bath Villa for Sale in Veal Sbov",Villa,,2020,N
property_880,"7 Bed, 9 Bath Villa for Sale in Borey Peng Huoth: The Star Platinum Eco Veranda",Villa,3.0,2020,N
property_881,"5 Bed, 6 Bath Villa for Sale in Nirouth",Villa,,2020,N
property_882,Land for Sale in Spean Thma,Land/Development,,2020,
property_883,"2 Bed, 2 Bath Condo for Sale & Rent in Boeung Tumpun",Condo,10.0,2020,
property_884,"8 Bed, 3 Bath Villa for Sale & Rent in Chak Angrae Leu",Villa,,2020,
property_885,"1 Bed, 1 Bath Condo for Sale & Rent in Boeung Tumpun",Condo,11.0,2020,
property_886,Land for Sale in Akreiy Ksatr,Land/Development,,2020,
property_887,"2 Bed, 2 Bath Condo for Sale & Rent in Tuol Sangkae 2",Condo,5.0,2020,E/S
property_888,"6 Bed, 5 Bath Villa for Sale in BKK 3",Villa,2.0,2020,N
property_889,"4 Bed, 5 Bath Twin Villa for Sale in Veal Sbov",Twin Villa,,2020,S
property_890,"3 Bed, 3 Bath House for Sale in BKK 3",House,,2020,
property_891,"1 Bed, 1 Bath Condo for Sale & Rent in Tonle Bassac",Condo,15.0,2020,
property_892,"3 Bed, 3 Bath Condo for Sale in Tonle Bassac",Condo,11.0,2020,
property_893,"2 Bed, 3 Bath Twin Villa for Sale in Setbou",Twin Villa,,2020,N
property_894,"3 Bed, 3 Bath Villa for Sale in Siem Reap",Villa,,2020,
property_895,"4 Bed, 5 Bath Villa for Sale in Spean Thma",Villa,,2020,W
property_896,"1 Bed, 1 Bath Condo for Sale & Rent in Tonle Bassac",Condo,7.0,2020,
property_897,"2 Bed, 2 Bath House for Sale in Tumnob Tuek",House,,2020,W
property_898,"2 Bed, 3 Bath House for Sale in Tonle Bassac",House,,2020,W
property_899,"5 Bed, 3 Bath Flat for Sale & Rent in Toul Tum Poung 1",Flat,,2020,
property_900,"5 Bed, 6 Bath Villa for Sale in Veal Sbov",Villa,,2020,S
property_901,"7 Bed, 9 Bath Villa for Sale in Nirouth",Villa,,2020,N/E
property_902,"5 Bed, 6 Bath Twin Villa for Sale & Rent in Veal Sbov",Twin Villa,,2020,S/W
property_903,"5 Bed, 6 Bath Twin Villa for Sale in Veal Sbov",Twin Villa,,2020,N/E
property_904,"7 Bed, 8 Bath Villa for Sale in Chrang Chamres 2",Villa,,2020,N/E
property_905,"4 Bed, 3 Bath Shophouse for Sale in Chey Chumneah",Shophouse,,2020,E
property_906,"4 Bed, 5 Bath Villa for Sale in Chrang Chamres 2",Villa,,2020,W/N
property_907,"4 Bed, 5 Bath Shophouse for Sale in Nirouth",Shophouse,,2020,W
property_908,"2 Bed, 3 Bath Villa for Sale in Nirouth",Villa,,2020,N
property_909,"4 Bed, 5 Bath Shophouse for Sale in Borey Peng Huoth: The Star Platinum Rosato",Shophouse,,2020,E
property_910,Land for Sale in Phnom Penh Thmey,Land/Development,,2020,
property_911,"4 Bed, 3 Bath Shophouse for Sale in Chey Chumneah",Shophouse,,2020,E
property_912,"2 Bed, 2 Bath Condo for Sale in Boeung Prolit",Condo,15.0,2020,
property_913,"4 Bed, 3 Bath House for Sale in BKK 2",House,,2020,S
property_914,"2 Bed, 2 Bath Condo for Sale in BKK 1",Condo,10.0,2020,N
property_915,Land for Sale & Rent in Tonle Bassac,Land/Development,,2020,
property_916,"14 Bed, 16 Bath Villa for Sale & Rent in Chakto Mukh",Villa,,2020,
property_917,"7 Bed, 8 Bath Villa for Sale & Rent in Preaek Lieb",Villa,,2020,W
property_918,"4 Bed, 5 Bath Link House for Sale in Borey Peng Huoth: The Star Platinum Mercurean I",Unit,3.0,2020,E/S
property_919,"4 Bed, 3 Bath House for Sale in BKK 3",House,,2020,E
property_920,"5 Bed, 6 Bath Villa for Sale in Preaek Lieb",Villa,,2020,W
property_921,"1 Bed, 1 Bath Apartment for Sale in Mittapheap",Apartment,2.0,2020,W
property_922,"4 Bed, 5 Bath Villa for Sale in Preaek Lieb",Villa,,2020,N
property_923,"4 Bed, 5 Bath Shophouse for Sale in Nirouth",Shophouse,,2020,
property_924,"4 Bed, 5 Bath Shophouse for Sale & Rent in Nirouth",Shophouse,,2020,S
property_925,"4 Bed, 5 Bath Shophouse for Sale in Veal Sbov",Shophouse,,2020,S
property_926,Land for Sale in Sangkat Buon,Land/Development,,2020,
property_927,"5 Bed, 5 Bath Flat House for Sale in Boeung Salang",Retreat,,2020,N
property_928,Land for Sale in Sangkat Buon,Land/Development,,2020,
property_929,"4 Bed, 5 Bath Twin Villa for Sale in Veal Sbov",Twin Villa,,2020,N/E
property_930,"1 Bed, 1 Bath Condo for Sale in BKK 1",Condo,22.0,2020,
property_931,"4 Bed, 5 Bath Twin Villa for Sale in Veal Sbov",Twin Villa,,2020,N/E
property_932,"1 Bed, 1 Bath Condo for Sale in Boeung Tumpun",Condo,10.0,2020,
property_933,"7 Bed, 9 Bath Villa for Sale in Chrang Chamres I",Villa,,2020,S
property_934,"5 Bed, 5 Bath Shophouse for Sale in Srah Chak",Shophouse,,2020,W
property_935,"9 Bed, 13 Bath Twin Villa for Sale in Phnom Penh Thmey",Twin Villa,,2020,S
property_936,"1 Bed, 1 Bath Condo for Sale & Rent in Tonle Bassac",Condo,13.0,2020,
property_937,"4 Bed, 5 Bath Twin Villa for Sale in Phnom Penh Thmey",Twin Villa,,2020,N
property_938,"3 Bed, 4 Bath Villa for Sale in Svay Dankum",Villa,,2020,
property_939,"2 Bed, 2 Bath Condo for Sale & Rent in BKK 3",Condo,10.0,2020,
property_940,"10 Bed, 11 Bath Villa for Sale in Borey Peng Huoth: The Star Platinum Mercurean I",Villa,,2020,W/N
property_941,"4 Bed, 5 Bath Twin Villa for Sale in Preaek Kampues",Twin Villa,,2020,S
property_942,"4 Bed, 4 Bath Villa for Sale in Sambuor Meas",Villa,,2020,N
property_943,Land for Sale in Ponhea Pon,Land/Development,,2020,
property_944,"1 Bed, 1 Bath Condo for Sale in Orkide The Royal Condominium",Condo,16.0,2021,
property_945,"5 Bed, 6 Bath Villa for Sale & Rent in Borey Peng Huoth: The Star Platinum Rosato",Villa,,2021,W
property_946,"5 Bed, 6 Bath Villa for Sale in Borey Peng Huoth: The Star Platinum Roseville",Villa,,2021,S
property_947,"1 Bed, 1 Bath Condo for Sale & Rent in Boeung Kak 2",Condo,14.0,2021,
property_948,"5 Bed, 6 Bath Villa for Sale in Borey Peng Huoth: The Star Platinum Eco Delta",Villa,,2021,S/W
property_949,"5 Bed, 5 Bath Villa for Sale & Rent in Boeung Kak 2",Villa,,2021,S
property_950,"1 Bed, 1 Bath House for Sale in Phsar Kandal II",House,,2021,N
property_951,"6 Bed, 9 Bath Villa for Sale & Rent in Preaek Thmei",Villa,,2021,
property_952,"3 Bed, 3 Bath Flat for Sale in Russey Keo",Flat,,2021,W
property_953,Land for Sale in Haong Samnam,Land/Development,,2021,
property_954,"2 Bed, 3 Bath Shophouse for Sale & Rent in Tonle Bassac",Shophouse,,2021,W
property_955,"1 Bed, 1 Bath Condo for Sale in Tuek Thla",Condo,9.0,2021,
property_956,"2 Bed, 2 Bath Condo for Sale in BKK 1",Condo,21.0,2021,N
property_957,"2 Bed, 2 Bath Condo for Sale & Rent in Tuol Sangkae 2",Condo,3.0,2021,
property_958,Land for Sale in Chbar Ampov II,Land/Development,,2021,
property_959,"1 Bed, 1 Bath Condo for Sale & Rent in BKK 1",Condo,23.0,2021,E
property_960,Land for Sale in Prey Thnang,Land/Development,,2021,
property_961,Land for Sale in Prey Nheat,Land/Development,,2021,
property_962,"10 Bed, 8 Bath Villa for Sale in Chakto Mukh",Villa,,2021,S
property_963,"4 Bed, 5 Bath Link House for Sale in Preaek Lieb",Unit,,2021,
property_964,"8 Bed, 9 Bath Flat for Sale in Boeung Tumpun",Flat,,2021,
property_965,Land for Sale in Veal Vong,Land/Development,,2021,
property_966,Land for Sale in Chbar Ampov I,Land/Development,,2021,
property_967,Land for Sale in Chbar Ampov I,Land/Development,,2021,
property_968,"4 Bed, 5 Bath Shophouse for Sale & Rent in Borey Peng Huoth: The Star Platinum Eco Sunrise",Shophouse,,2021,E/S
property_969,"4 Bed, 5 Bath Shophouse for Sale in Borey Peng Huoth: The Star Platinum Eco Sunrise",Shophouse,,2021,E/S
property_970,"4 Bed, 5 Bath Shophouse for Sale in Borey Peng Huoth: The Star Platinum Eco Sunrise",Shophouse,,2021,E/S
property_971,"4 Bed, 5 Bath Shophouse for Sale in Borey Peng Huoth: The Star Platinum Eco Sunrise",Shophouse,,2021,
property_972,Land for Sale in Sangkat Buon,Land/Development,,2021,
property_973,"3 Bed, 3 Bath Villa for Sale in Preaek Kampues",Villa,,2021,E
