property_id,price,listed_date,updated_date,land_area,floor_area,bedrooms,bathrooms,location_id
property_1,90000.0,date_1,date_36,51.0,,1.0,1.0,location_1
property_2,106000.0,date_2,date_46,,56.0,1.0,1.0,location_2
property_3,700000.0,date_3,date_41,660.0,,4.0,4.0,location_3
property_4,360000.0,date_4,date_290,200.0,216.0,4.0,5.0,location_4
property_5,70000.0,date_5,date_20,45.0,,1.0,1.0,location_5
property_6,2000000.0,date_6,date_20,835.0,645.0,5.0,7.0,location_6
property_7,65000.0,date_7,date_142,106.0,,4.0,5.0,location_7
property_8,78000.0,date_7,date_142,112.0,,4.0,5.0,location_7
property_9,125000.0,date_8,date_36,,68.0,2.0,1.0,location_8
property_10,85000.0,date_9,date_195,,44.0,1.0,1.0,location_9
property_11,213500.0,date_10,date_215,,61.0,1.0,1.0,location_10
property_12,162000.0,date_11,date_151,308.0,175.0,3.0,4.0,location_11
property_13,98000.0,date_12,date_153,,54.0,1.0,1.0,location_9
property_14,145000.0,date_13,date_206,,107.0,2.0,2.0,location_12
property_15,53000.0,date_14,date_135,,40.0,,1.0,location_13
property_16,90000.0,date_15,date_32,,70.0,2.0,1.0,location_14
property_17,1150000.0,date_16,date_206,,703.0,3.0,5.0,location_15
property_18,85000.0,date_17,date_239,,,1.0,1.0,location_16
property_19,236000.0,date_18,date_37,1029.0,,,,location_17
property_20,170000.0,date_19,date_19,,,4.0,5.0,location_3
property_21,425000.0,date_19,date_19,,,8.0,9.0,location_18
property_22,73000.0,date_20,date_20,,40.0,1.0,1.0,location_5
property_23,70000.0,date_20,date_20,,63.0,1.0,1.0,location_19
property_24,430000.0,date_20,date_20,,,3.0,4.0,location_20
property_25,70000.0,date_20,date_19,,63.0,1.0,1.0,location_19
property_26,70000.0,date_20,date_19,,63.0,1.0,1.0,location_19
property_27,1431000.0,date_20,date_20,954.0,,,,location_19
property_28,64000.0,date_20,date_19,,62.0,1.0,1.0,location_19
property_29,350000.0,date_20,date_20,92.0,196.0,6.0,4.0,location_20
property_30,850000.0,date_21,date_291,578.0,388.0,7.0,8.0,location_3
property_31,190000.0,date_21,date_291,107.0,201.0,4.0,5.0,location_3
property_32,300000.0,date_21,date_20,210.0,336.0,4.0,6.0,location_21
property_33,375000.0,date_21,date_21,144.0,198.0,4.0,5.0,location_4
property_34,99980.0,date_22,date_21,,56.0,1.0,1.0,location_22
property_35,180000.0,date_22,date_21,,65.0,2.0,2.0,location_10
property_36,180000.0,date_22,date_21,,77.0,2.0,2.0,location_23
property_37,70000.0,date_22,date_22,,77.0,1.0,1.0,location_23
property_38,166066.0,date_23,date_23,60.0,45.0,1.0,1.0,location_10
property_39,121358.0,date_23,date_23,39.0,29.0,1.0,1.0,location_10
property_40,380000.0,date_24,date_24,,,6.0,6.0,location_24
property_41,50000.0,date_24,date_24,,59.0,1.0,1.0,location_25
property_42,420000.0,date_24,date_24,,150.0,4.0,3.0,location_1
property_43,79800.0,date_24,date_24,84.0,,2.0,3.0,location_26
property_44,380000.0,date_25,date_25,,,2.0,3.0,location_8
property_45,838825.0,date_25,date_25,9425.0,,,,location_27
property_46,39000.0,date_26,date_26,,,4.0,5.0,location_28
property_47,79000.0,date_26,date_26,,47.0,1.0,1.0,location_19
property_48,360000.0,date_27,date_27,,,4.0,5.0,location_1
property_49,1050000.0,date_27,date_27,3000.0,,,,location_29
property_50,364000.0,date_27,date_24,,166.0,3.0,2.0,location_1
property_51,220000.0,date_27,date_27,,,4.0,5.0,location_28
property_52,350000.0,date_28,date_27,,,3.0,3.0,location_30
property_53,180000.0,date_28,date_27,,107.0,2.0,2.0,location_19
property_54,126750.0,date_28,date_27,,97.0,2.0,2.0,location_31
property_55,155000.0,date_28,date_19,,47.0,1.0,1.0,location_32
property_56,250000.0,date_29,date_27,92.0,192.0,4.0,4.0,location_33
property_57,170000.0,date_29,date_26,92.0,192.0,4.0,4.0,location_33
property_58,165000.0,date_29,date_26,,,5.0,4.0,location_33
property_59,160000.0,date_29,date_26,,,4.0,4.0,location_33
property_60,160000.0,date_29,date_26,92.0,128.0,4.0,4.0,location_33
property_61,150000.0,date_29,date_27,,,5.0,4.0,location_33
property_62,150000.0,date_29,date_27,,,4.0,5.0,location_33
property_63,270000.0,date_30,date_28,,,4.0,5.0,location_28
property_64,860000.0,date_30,date_30,,,10.0,12.0,location_19
property_65,245000.0,date_30,date_30,,,4.0,5.0,location_28
property_66,990000.0,date_31,date_30,,,4.0,6.0,location_34
property_67,230000.0,date_32,date_28,,148.0,3.0,3.0,location_19
property_68,92625.0,date_33,date_32,,71.0,1.0,1.0,location_31
property_69,350000.0,date_34,date_33,,,8.0,12.0,location_4
property_70,40000.0,date_34,date_33,,53.0,1.0,1.0,location_19
property_71,20000000.0,date_34,date_33,11817.0,,,,location_35
property_72,72000.0,date_34,date_33,,52.0,1.0,1.0,location_10
property_73,3500000.0,date_34,date_30,600.0,896.0,8.0,8.0,location_31
property_74,190000.0,date_34,date_34,,,4.0,5.0,location_3
property_75,210000.0,date_34,date_32,126.0,225.0,4.0,5.0,location_3
property_76,148000.0,date_34,date_34,,,4.0,5.0,location_6
property_77,305000.0,date_35,date_35,,,4.0,5.0,location_6
property_78,130000.0,date_35,date_35,,35.0,1.0,1.0,location_19
property_79,130000.0,date_35,date_35,,36.0,1.0,1.0,location_1
property_80,160000.0,date_35,date_35,,42.0,1.0,1.0,location_1
property_81,800000.0,date_36,date_36,800.0,,,,location_36
property_82,41000.0,date_37,date_32,,34.0,1.0,1.0,location_37
property_83,290000.0,date_37,date_37,187.0,270.0,5.0,6.0,location_38
property_84,255000.0,date_38,date_37,210.0,252.0,4.0,5.0,location_3
property_85,650000.0,date_38,date_37,,,5.0,8.0,location_3
property_86,1200000.0,date_38,date_37,,,6.0,9.0,location_3
property_87,700000.0,date_38,date_37,,,10.0,13.0,location_3
property_88,35670600.0,date_38,date_292,18774.0,,,,location_4
property_89,99000.0,date_38,date_37,,56.0,1.0,1.0,location_22
property_90,1200000.0,date_38,date_38,,,,,location_39
property_91,75000.0,date_39,date_38,,97.0,2.0,2.0,location_31
property_92,100000.0,date_39,date_38,,97.0,2.0,2.0,location_13
property_93,320000.0,date_39,date_38,,,3.0,2.0,location_40
property_94,185000.0,date_39,date_38,,132.0,2.0,2.0,location_1
property_95,380000.0,date_39,date_38,,,5.0,4.0,location_24
property_96,105000.0,date_40,date_32,,56.0,2.0,2.0,location_41
property_97,69000.0,date_40,date_40,,32.0,1.0,1.0,location_41
property_98,53000.0,date_40,date_38,37.0,,1.0,1.0,location_13
property_99,104000.0,date_40,date_38,,40.0,,,location_1
property_100,104000.0,date_40,date_40,,40.0,,,location_1
property_101,390000.0,date_40,date_38,,,5.0,4.0,location_24
property_102,135000.0,date_41,date_38,,,3.0,4.0,location_38
property_103,109000.0,date_41,date_38,,,3.0,4.0,location_38
property_104,1800000.0,date_41,date_38,,,7.0,8.0,location_38
property_105,125000.0,date_41,date_41,,146.0,2.0,2.0,location_37
property_106,542945.0,date_41,date_41,,214.0,3.0,3.0,location_42
property_107,79000.0,date_1,date_1,,32.0,1.0,1.0,location_41
property_108,62000.0,date_1,date_1,,,2.0,3.0,location_43
property_109,95500.0,date_1,date_1,,56.0,2.0,2.0,location_41
property_110,449000.0,date_1,date_36,875.0,,3.0,3.0,location_36
property_111,290000.0,date_42,date_28,169.0,216.0,4.0,5.0,location_3
property_112,420000.0,date_42,date_24,198.0,216.0,4.0,5.0,location_38
property_113,290000.0,date_42,date_31,171.0,216.0,4.0,5.0,location_38
property_114,258000.0,date_42,date_31,172.0,216.0,4.0,5.0,location_38
property_115,120000.0,date_42,date_42,,,3.0,3.0,location_44
property_116,220000.0,date_42,date_42,,,3.0,4.0,location_6
property_117,115000.0,date_43,date_23,,77.0,2.0,2.0,location_8
property_118,360000.0,date_43,date_23,308.0,,,,location_12
property_119,160000.0,date_43,date_42,,45.0,2.0,1.0,location_1
property_120,84500.0,date_43,date_43,,30.0,1.0,1.0,location_10
property_121,1180000.0,date_43,date_43,,,6.0,9.0,location_28
property_122,600000.0,date_44,date_293,320.0,432.0,8.0,10.0,location_3
property_123,2800000.0,date_44,date_293,1052.0,909.0,7.0,9.0,location_3
property_124,2900000.0,date_44,date_293,1820.0,1039.0,7.0,9.0,location_45
property_125,330000.0,date_44,date_24,192.0,270.0,5.0,6.0,location_6
property_126,258000.0,date_44,date_293,182.0,216.0,4.0,5.0,location_38
property_127,160000.0,date_44,date_41,,91.0,3.0,2.0,location_38
property_128,320000.0,date_45,date_43,,,4.0,5.0,location_28
property_129,1200000.0,date_45,date_45,1082.0,,,,location_46
property_130,250000.0,date_45,date_45,109.0,,5.0,6.0,location_47
property_131,750000.0,date_45,date_34,216.0,480.0,4.0,4.0,location_5
property_132,189000.0,date_46,date_46,,,4.0,5.0,location_45
property_133,210000.0,date_47,date_2,,91.0,2.0,2.0,location_10
property_134,1100000.0,date_48,date_46,,,6.0,6.0,location_48
property_135,130000.0,date_48,date_2,,,3.0,4.0,location_48
property_136,64000.0,date_48,date_48,,62.0,1.0,1.0,location_19
property_137,2000000.0,date_49,date_49,,,7.0,9.0,location_6
property_138,120000.0,date_49,date_44,12778.0,,,,location_49
property_139,50000.0,date_50,date_50,190.0,,,,location_50
property_140,326745.0,date_51,date_51,,193.0,2.0,2.0,location_1
property_141,350000.0,date_51,date_51,,,4.0,5.0,location_38
property_142,1536000.0,date_51,date_51,480.0,,,,location_13
property_143,260000.0,date_52,date_49,210.0,,4.0,4.0,location_11
property_144,220000.0,date_53,date_49,2588.0,,,,location_51
property_145,474815.0,date_53,date_48,8633.0,,,,location_51
property_146,360000.0,date_54,date_51,,261.0,3.0,4.0,location_10
property_147,255000.0,date_55,date_37,150.0,216.0,4.0,6.0,location_28
property_148,330000.0,date_55,date_55,,75.0,2.0,2.0,location_10
property_149,165000.0,date_55,date_40,,120.0,3.0,3.0,location_19
property_150,65900.0,date_56,date_49,,38.0,,1.0,location_52
property_151,58000.0,date_56,date_44,67.0,,4.0,5.0,location_53
property_152,130000.0,date_57,date_37,,80.0,1.0,2.0,location_34
property_153,6308000.0,date_57,date_39,1577.0,,,,location_28
property_154,328900.0,date_57,date_51,,75.0,2.0,2.0,location_10
property_155,210000.0,date_57,date_44,,55.0,1.0,1.0,location_10
property_156,149000.0,date_57,date_44,,34.0,1.0,1.0,location_10
property_157,55000.0,date_58,date_23,,47.0,1.0,1.0,location_42
property_158,320000.0,date_3,date_40,,,6.0,7.0,location_16
property_159,74620.0,date_3,date_40,533.0,,,,location_54
property_160,464100.0,date_3,date_40,3094.0,,,,location_54
property_161,311250.0,date_3,date_40,2075.0,,,,location_54
property_162,70000.0,date_3,date_40,,,4.0,5.0,location_54
property_163,360000.0,date_59,date_56,176.0,216.0,4.0,5.0,location_45
property_164,130000.0,date_59,date_59,85.0,197.0,3.0,4.0,location_25
property_165,92000.0,date_59,date_52,115.0,162.0,4.0,5.0,location_53
property_166,58000.0,date_59,date_52,67.0,151.0,4.0,5.0,location_53
property_167,60000.0,date_4,date_56,,32.0,1.0,1.0,location_55
property_168,900000.0,date_4,date_59,158.0,,,,location_34
property_169,499000.0,date_4,date_46,150.0,,2.0,2.0,location_56
property_170,370000.0,date_4,date_53,,166.0,3.0,3.0,location_10
property_171,265000.0,date_4,date_45,176.0,216.0,4.0,5.0,location_45
property_172,300000.0,date_4,date_46,187.0,216.0,4.0,5.0,location_45
property_173,310000.0,date_4,date_46,187.0,216.0,4.0,5.0,location_45
property_174,1524600.0,date_60,date_4,,,,,location_57
property_175,75000.0,date_61,date_61,,36.0,1.0,1.0,location_31
property_176,104000.0,date_61,date_61,,40.0,,,location_1
property_177,2037600.0,date_61,date_4,1698.0,,,,location_37
property_178,62000.0,date_61,date_61,,53.0,2.0,1.0,location_12
property_179,75000.0,date_61,date_61,85.0,,2.0,3.0,location_58
property_180,190000.0,date_62,date_61,,111.0,3.0,2.0,location_22
property_181,1920000.0,date_62,date_62,860.0,596.0,5.0,6.0,location_6
property_182,3680000.0,date_63,date_62,1150.0,,,,location_28
property_183,5000000.0,date_64,date_61,2520.0,,10.0,12.0,location_54
property_184,74000.0,date_64,date_40,,35.0,1.0,1.0,location_13
property_185,2200000.0,date_64,date_4,759.0,,,,location_31
property_186,147000.0,date_65,date_62,22317.0,,,,location_59
property_187,490000.0,date_66,date_36,,,4.0,4.0,location_28
property_188,1663200.0,date_67,date_294,924.0,,,,location_28
property_189,210000.0,date_68,date_66,86.0,269.0,6.0,6.0,location_60
property_190,49999.0,date_69,date_2,,112.0,3.0,2.0,location_61
property_191,140000.0,date_69,date_295,75.0,107.0,2.0,2.0,location_23
property_192,110000.0,date_70,date_296,,32.0,,1.0,location_55
property_193,123000.0,date_70,date_62,,42.0,1.0,1.0,location_1
property_194,252735.0,date_70,date_294,2407.0,,,,location_62
property_195,110000.0,date_70,date_36,79.0,207.0,3.0,4.0,location_11
property_196,78000.0,date_70,date_297,,50.0,2.0,1.0,location_31
property_197,299900.0,date_71,date_64,127.0,146.0,3.0,2.0,location_24
property_198,73400.0,date_71,date_71,,49.0,1.0,1.0,location_19
property_199,3300000.0,date_71,date_64,1807.0,1039.0,7.0,9.0,location_45
property_200,215000.0,date_72,date_66,117.0,264.0,5.0,6.0,location_3
property_201,180000.0,date_72,date_71,94.0,216.0,4.0,5.0,location_63
property_202,1600000.0,date_72,date_36,559.0,588.0,7.0,9.0,location_45
property_203,130000.0,date_72,date_71,79.0,207.0,3.0,4.0,location_63
property_204,360000.0,date_73,date_64,210.0,,4.0,5.0,location_64
property_205,260000.0,date_73,date_64,157.0,,4.0,5.0,location_64
property_206,70000.0,date_73,date_58,393.0,,,,location_65
property_207,330000.0,date_5,date_62,222.0,270.0,5.0,6.0,location_45
property_208,2001600.0,date_5,date_55,6255.0,,,,location_66
property_209,680000.0,date_5,date_26,385.0,,11.0,11.0,location_33
property_210,3300000.0,date_5,date_37,1737.0,,6.0,6.0,location_67
property_211,717000.0,date_5,date_73,956.0,,,,location_67
property_212,2010290.0,date_5,date_73,3793.0,,,,location_67
property_213,13892400.0,date_74,date_296,46308.0,,,,location_66
property_214,900000.0,date_75,date_40,1157.0,,,,location_7
property_215,10000000.0,date_75,date_47,3050.0,,,,location_1
property_216,319999.0,date_75,date_64,64.0,116.0,3.0,4.0,location_24
property_217,500000.0,date_76,date_47,500.0,,,,location_12
property_218,270000.0,date_76,date_58,,127.0,3.0,2.0,location_1
property_219,450000.0,date_76,date_64,76.0,228.0,6.0,5.0,location_8
property_220,278000.0,date_76,date_64,150.0,216.0,4.0,6.0,location_28
property_221,170000.0,date_76,date_5,71.0,126.0,4.0,5.0,location_6
property_222,390000.0,date_76,date_55,126.0,264.0,4.0,6.0,location_4
property_223,179000.0,date_6,date_55,189.0,216.0,4.0,5.0,location_26
property_224,290000.0,date_77,date_298,160.0,,4.0,5.0,location_3
property_225,2350000.0,date_77,date_299,580.0,,5.0,6.0,location_8
property_226,490000.0,date_77,date_299,230.0,351.0,11.0,15.0,location_8
property_227,578000.0,date_78,date_3,312.0,273.0,5.0,6.0,location_38
property_228,63000.0,date_78,date_77,56.0,,1.0,1.0,location_28
property_229,140000.0,date_79,date_300,71.0,126.0,4.0,5.0,location_6
property_230,680000.0,date_79,date_300,343.0,263.0,5.0,5.0,location_13
property_231,990000.0,date_80,date_4,,,4.0,6.0,location_68
property_232,220000.0,date_80,date_67,91.0,170.0,5.0,4.0,location_69
property_233,510000.0,date_81,date_80,,,6.0,7.0,location_70
property_234,360000.0,date_82,date_67,96.0,160.0,3.0,2.0,location_69
property_235,200000.0,date_82,date_67,63.0,135.0,4.0,4.0,location_69
property_236,1500000.0,date_82,date_65,,472.0,3.0,4.0,location_19
property_237,780000.0,date_82,date_301,400.0,432.0,6.0,6.0,location_48
property_238,590000.0,date_82,date_61,374.0,540.0,10.0,12.0,location_38
property_239,230000.0,date_83,date_80,283.0,,6.0,6.0,location_71
property_240,620000.0,date_83,date_301,324.0,,,,location_35
property_241,3700000.0,date_83,date_302,1400.0,1039.0,11.0,12.0,location_6
property_242,240000.0,date_83,date_83,,76.0,1.0,1.0,location_1
property_243,7900000.0,date_84,date_303,1866.0,,,,location_20
property_244,175000.0,date_84,date_304,63.0,229.0,5.0,5.0,location_72
property_245,320000.0,date_84,date_305,232.0,417.0,8.0,12.0,location_38
property_246,120000.0,date_84,date_19,101.0,189.0,4.0,5.0,location_48
property_247,125000.0,date_85,date_69,,71.0,2.0,1.0,location_22
property_248,430000.0,date_85,date_306,165.0,216.0,4.0,5.0,location_4
property_249,250000.0,date_85,date_85,86.0,172.0,2.0,2.0,location_37
property_250,85000.0,date_86,date_300,540.0,960.0,4.0,5.0,location_54
property_251,750000.0,date_86,date_85,,195.0,4.0,3.0,location_1
property_252,300000.0,date_86,date_300,,195.0,3.0,3.0,location_1
property_253,280000.0,date_86,date_300,,195.0,3.0,3.0,location_1
property_254,1303800.0,date_86,date_300,4346.0,,,,location_47
property_255,65000.0,date_86,date_31,,46.0,2.0,1.0,location_38
property_256,480000.0,date_86,date_70,165.0,216.0,4.0,5.0,location_4
property_257,371690.0,date_86,date_72,3379.0,,,,location_54
property_258,65000.0,date_86,date_72,500.0,,,,location_54
property_259,460000.0,date_87,date_72,152.0,291.0,5.0,6.0,location_5
property_260,99980.0,date_87,date_72,,56.0,1.0,1.0,location_22
property_261,335000.0,date_87,date_86,192.0,270.0,5.0,6.0,location_6
property_262,424500.0,date_87,date_86,1415.0,,,,location_54
property_263,60000.0,date_87,date_86,200.0,176.0,4.0,3.0,location_54
property_264,1628000.0,date_87,date_86,2960.0,,,,location_73
property_265,63000.0,date_87,date_87,200.0,176.0,4.0,3.0,location_54
property_266,75000.0,date_87,date_87,200.0,176.0,4.0,3.0,location_54
property_267,510000.0,date_88,date_73,345.0,324.0,5.0,7.0,location_74
property_268,80000.0,date_88,date_73,,30.0,1.0,1.0,location_37
property_269,130000.0,date_88,date_73,,52.0,2.0,2.0,location_74
property_270,500000.0,date_88,date_307,116.0,189.0,4.0,5.0,location_38
property_271,67000.0,date_88,date_308,78.0,83.0,3.0,3.0,location_44
property_272,220000.0,date_89,date_76,,91.0,2.0,2.0,location_10
property_273,790000.0,date_89,date_76,80.0,216.0,6.0,8.0,location_24
property_274,520000.0,date_89,date_76,,153.0,3.0,3.0,location_10
property_275,4400000.0,date_89,date_76,1200.0,,,,location_75
property_276,2200000.0,date_89,date_76,601.0,144.0,,,location_75
property_277,270000.0,date_90,date_78,84.0,188.0,4.0,3.0,location_24
property_278,560000.0,date_91,date_77,90.0,270.0,4.0,4.0,location_76
property_279,450000.0,date_91,date_72,202.0,270.0,7.0,7.0,location_38
property_280,98000.0,date_91,date_81,86.0,151.0,4.0,5.0,location_48
property_281,48000.0,date_92,date_6,,47.0,2.0,1.0,location_16
property_282,380000.0,date_92,date_81,96.0,189.0,4.0,5.0,location_38
property_283,50000.0,date_92,date_92,,80.0,1.0,1.0,location_76
property_284,950000.0,date_93,date_81,379.0,546.0,9.0,9.0,location_4
property_285,195000.0,date_93,date_81,96.0,176.0,4.0,5.0,location_38
property_286,720000.0,date_94,date_309,120.0,304.0,6.0,6.0,location_10
property_287,160000.0,date_94,date_82,99.0,155.0,4.0,5.0,location_3
property_288,93000.0,date_94,date_82,75.0,151.0,4.0,5.0,location_48
property_289,368000.0,date_94,date_82,194.0,216.0,4.0,6.0,location_38
property_290,1600000.0,date_94,date_51,575.0,306.0,5.0,6.0,location_4
property_291,150000.0,date_95,date_89,100.0,201.0,4.0,5.0,location_18
property_292,388000.0,date_95,date_82,231.0,291.0,5.0,6.0,location_64
property_293,250000.0,date_95,date_83,90.0,162.0,4.0,5.0,location_4
property_294,340000.0,date_95,date_83,99.0,189.0,4.0,5.0,location_4
property_295,80000.0,date_96,date_83,108.0,83.0,3.0,3.0,location_44
property_296,63000.0,date_96,date_83,78.0,83.0,3.0,3.0,location_44
property_297,299900.0,date_96,date_84,86.0,180.0,3.0,3.0,location_5
property_298,1200000.0,date_96,date_84,150.0,1141.0,5.0,3.0,location_8
property_299,310000.0,date_96,date_84,92.0,192.0,4.0,3.0,location_8
property_300,40000000.0,date_96,date_96,,,,,location_77
property_301,320000.0,date_97,date_310,90.0,192.0,5.0,4.0,location_78
property_302,68000.0,date_97,date_308,108.0,83.0,3.0,3.0,location_44
property_303,48000.0,date_97,date_308,78.0,83.0,3.0,3.0,location_44
property_304,72000.0,date_97,date_308,78.0,83.0,3.0,3.0,location_44
property_305,145000.0,date_97,date_308,63.0,159.0,6.0,6.0,location_38
property_306,380000.0,date_97,date_308,270.0,378.0,6.0,4.0,location_38
property_307,102000.0,date_97,date_308,88.0,201.0,4.0,5.0,location_38
property_308,550000.0,date_98,date_97,,,7.0,,location_79
property_309,1250000.0,date_99,date_85,526.0,588.0,7.0,9.0,location_6
property_310,175000.0,date_99,date_85,126.0,76.0,2.0,3.0,location_38
property_311,170000.0,date_99,date_307,130.0,201.0,5.0,3.0,location_12
property_312,110000.0,date_100,date_88,,56.0,2.0,2.0,location_80
property_313,283000.0,date_100,date_88,171.0,216.0,4.0,5.0,location_38
property_314,638000.0,date_100,date_307,300.0,360.0,4.0,5.0,location_45
property_315,250000.0,date_101,date_89,149.0,252.0,8.0,10.0,location_38
property_316,395000.0,date_101,date_311,,165.0,2.0,3.0,location_81
property_317,85000.0,date_101,date_101,,48.0,2.0,1.0,location_16
property_318,600000.0,date_102,date_101,,,,,location_32
property_319,123000.0,date_103,date_90,,43.0,1.0,1.0,location_82
property_320,130000.0,date_103,date_91,75.0,114.0,3.0,4.0,location_38
property_321,70000.0,date_103,date_92,124.0,,,,location_67
property_322,110000.0,date_103,date_103,,69.0,1.0,1.0,location_10
property_323,75000.0,date_104,date_93,,50.0,2.0,1.0,location_31
property_324,320000.0,date_104,date_93,99.0,189.0,4.0,5.0,location_38
property_325,170000.0,date_104,date_93,105.0,270.0,6.0,8.0,location_48
property_326,1080000.0,date_104,date_93,336.0,324.0,6.0,6.0,location_38
property_327,1300000.0,date_105,date_94,806.0,432.0,6.0,7.0,location_48
property_328,240000.0,date_105,date_96,90.0,162.0,4.0,5.0,location_4
property_329,78000.0,date_106,date_97,,39.0,1.0,1.0,location_10
property_330,3500000.0,date_106,date_97,1225.0,596.0,8.0,7.0,location_6
property_331,2572500.0,date_106,date_100,735.0,,9.0,7.0,location_8
property_332,65000.0,date_106,date_100,,49.0,1.0,1.0,location_19
property_333,60000.0,date_107,date_100,,36.0,1.0,1.0,location_13
property_334,62000.0,date_107,date_100,,40.0,1.0,1.0,location_13
property_335,63000.0,date_108,date_103,,32.0,1.0,1.0,location_41
property_336,1990000.0,date_109,date_28,537.0,588.0,7.0,9.0,location_4
property_337,225000.0,date_109,date_104,117.0,226.0,5.0,6.0,location_3
property_338,185000.0,date_109,date_100,160.0,,3.0,3.0,location_3
property_339,533000.0,date_109,date_104,124.0,,4.0,5.0,location_20
property_340,500000.0,date_109,date_106,300.0,,,,location_83
property_341,790000.0,date_110,date_69,400.0,338.0,5.0,6.0,location_3
property_342,430000.0,date_110,date_105,276.0,336.0,4.0,6.0,location_3
property_343,240000.0,date_110,date_100,117.0,226.0,5.0,6.0,location_3
property_344,250000.0,date_110,date_100,145.0,226.0,5.0,6.0,location_3
property_345,95000.0,date_111,date_110,,,,,location_28
property_346,1056000.0,date_110,date_106,528.0,,12.0,8.0,location_82
property_347,750000.0,date_110,date_32,156.0,,6.0,7.0,location_20
property_348,130000.0,date_112,date_107,71.0,126.0,4.0,5.0,location_38
property_349,70000.0,date_112,date_312,71.0,121.0,3.0,3.0,location_38
property_350,720000.0,date_113,date_107,315.0,337.0,5.0,6.0,location_38
property_351,680000.0,date_113,date_113,392.0,242.0,5.0,5.0,location_12
property_352,115000.0,date_114,date_105,66.0,114.0,3.0,4.0,location_6
property_353,120000.0,date_114,date_114,400.0,,,,location_84
property_354,450000.0,date_114,date_114,,,,,location_32
property_355,58888.0,date_114,date_114,46.0,32.0,1.0,1.0,location_13
property_356,58888.0,date_114,date_114,46.0,32.0,1.0,1.0,location_13
property_357,150000.0,date_115,date_112,,52.0,1.0,1.0,location_10
property_358,295000.0,date_115,date_111,154.0,324.0,4.0,5.0,location_21
property_359,100000.0,date_115,date_112,,30.0,1.0,1.0,location_10
property_360,680000.0,date_115,date_114,,260.0,3.0,3.0,location_1
property_361,140000.0,date_115,date_114,,88.0,2.0,2.0,location_28
property_362,230000.0,date_115,date_111,103.0,189.0,4.0,5.0,location_6
property_363,150000.0,date_115,date_111,79.0,151.0,4.0,5.0,location_38
property_364,980000.0,date_116,date_110,427.0,450.0,5.0,6.0,location_6
property_365,1850000.0,date_116,date_115,358.0,288.0,4.0,5.0,location_10
property_366,300000.0,date_117,date_111,180.0,,10.0,8.0,location_12
property_367,79000.0,date_117,date_67,,52.0,2.0,1.0,location_12
property_368,100000.0,date_117,date_111,200.0,,4.0,4.0,location_54
property_369,65000.0,date_117,date_111,,31.0,1.0,1.0,location_37
property_370,250000.0,date_117,date_112,99.0,243.0,4.0,5.0,location_21
property_371,120000.0,date_117,date_112,96.0,,3.0,3.0,location_3
property_372,290000.0,date_117,date_112,210.0,262.0,4.0,5.0,location_3
property_373,3282500.0,date_117,date_117,10100.0,,,,location_77
property_374,1300000.0,date_117,date_117,375.0,504.0,5.0,7.0,location_85
property_375,75000.0,date_117,date_117,,61.0,1.0,1.0,location_74
property_376,150000.0,date_118,date_117,71.0,126.0,4.0,5.0,location_6
property_377,125000.0,date_119,date_112,,58.0,2.0,1.0,location_8
property_378,230000.0,date_119,date_112,168.0,225.0,4.0,5.0,location_3
property_379,126000.0,date_119,date_112,71.0,126.0,4.0,5.0,location_38
property_380,225000.0,date_119,date_100,168.0,225.0,4.0,5.0,location_21
property_381,1200.0,date_120,date_111,,108.0,3.0,2.0,location_1
property_382,260000.0,date_120,date_113,105.0,243.0,5.0,,location_21
property_383,185000.0,date_120,date_114,220.0,162.0,5.0,,location_38
property_384,350000.0,date_120,date_114,,134.0,2.0,2.0,location_19
property_385,550000.0,date_120,date_115,68.0,204.0,4.0,5.0,location_41
property_386,75000.0,date_120,date_115,,50.0,2.0,1.0,location_31
property_387,56000.0,date_120,date_119,67.0,84.0,,,location_86
property_388,210000.0,date_121,date_114,144.0,,5.0,3.0,location_12
property_389,680000.0,date_121,date_113,1456.0,,,,location_58
property_390,100000.0,date_121,date_114,,33.0,1.0,1.0,location_1
property_391,257000.0,date_121,date_89,193.0,216.0,4.0,5.0,location_45
property_392,175000.0,date_122,date_115,90.0,192.0,4.0,5.0,location_28
property_393,280000.0,date_122,date_116,169.0,216.0,4.0,5.0,location_6
property_394,375000.0,date_122,date_122,253.0,270.0,4.0,5.0,location_26
property_395,395000.0,date_123,date_20,184.0,253.0,5.0,6.0,location_9
property_396,400000.0,date_123,date_119,184.0,253.0,5.0,6.0,location_9
property_397,120000.0,date_123,date_123,,56.0,2.0,2.0,location_8
property_398,180000.0,date_124,date_304,100.0,180.0,4.0,5.0,location_38
property_399,700000.0,date_124,date_119,122.0,128.0,4.0,2.0,location_20
property_400,295000.0,date_124,date_122,,108.0,3.0,2.0,location_1
property_401,320000.0,date_124,date_123,99.0,189.0,4.0,5.0,location_38
property_402,170000.0,date_124,date_123,73.0,126.0,2.0,3.0,location_38
property_403,133000.0,date_124,date_124,,58.0,1.0,1.0,location_1
property_404,215000.0,date_124,date_124,,55.0,1.0,1.0,location_10
property_405,6200000.0,date_124,date_123,1890.0,1039.0,9.0,11.0,location_6
property_406,550000.0,date_124,date_119,100.0,,4.0,5.0,location_1
property_407,720000.0,date_124,date_121,640.0,,,,location_77
property_408,43000.0,date_124,date_124,,45.0,1.0,1.0,location_87
property_409,55000.0,date_124,date_304,,,3.0,3.0,location_54
property_410,60000.0,date_124,date_30,,25.0,1.0,1.0,location_10
property_411,260000.0,date_125,date_109,,108.0,2.0,2.0,location_1
property_412,260000.0,date_125,date_109,,108.0,2.0,2.0,location_1
property_413,130000.0,date_125,date_124,,43.0,1.0,1.0,location_1
property_414,58000.0,date_125,date_124,73.0,,2.0,3.0,location_88
property_415,180000.0,date_125,date_121,100.0,180.0,4.0,5.0,location_38
property_416,50000.0,date_125,date_124,80.0,,2.0,3.0,location_89
property_417,950000.0,date_125,date_125,425.0,,4.0,5.0,location_90
property_418,209000.0,date_125,date_114,160.0,225.0,4.0,5.0,location_19
property_419,3800000.0,date_126,date_126,85663.0,,,,location_91
property_420,48000.0,date_126,date_304,,40.0,,1.0,location_92
property_421,60000.0,date_127,date_126,200.0,,3.0,3.0,location_54
property_422,50000.0,date_127,date_126,,50.0,1.0,1.0,location_68
property_423,500000.0,date_128,date_126,300.0,,10.0,12.0,location_12
property_424,85000.0,date_128,date_128,,45.0,1.0,1.0,location_1
property_425,365000.0,date_128,date_128,184.0,,4.0,5.0,location_3
property_426,1650000.0,date_129,date_123,300.0,600.0,6.0,8.0,location_1
property_427,105300.0,date_128,date_107,,70.0,1.0,1.0,location_1
property_428,65250.0,date_128,date_113,,43.0,,1.0,location_1
property_429,160000.0,date_130,date_128,80.0,,,,location_12
property_430,110000.0,date_130,date_115,,61.0,1.0,1.0,location_1
property_431,506000.0,date_130,date_116,920.0,,,,location_15
property_432,220000.0,date_130,date_116,,126.0,2.0,2.0,location_1
property_433,50000.0,date_131,date_116,,43.0,1.0,1.0,location_93
property_434,168000.0,date_131,date_125,216.0,103.0,4.0,5.0,location_94
property_435,210000.0,date_131,date_131,64.0,192.0,4.0,5.0,location_25
property_436,160000.0,date_132,date_132,64.0,56.0,1.0,1.0,location_95
property_437,180000.0,date_132,date_132,120.0,,4.0,4.0,location_47
property_438,200000.0,date_132,date_100,105.0,,4.0,5.0,location_12
property_439,56000.0,date_132,date_132,,40.0,1.0,1.0,location_96
property_440,173052.0,date_132,date_132,,108.0,3.0,2.0,location_1
property_441,600000.0,date_132,date_104,551.0,336.0,7.0,7.0,location_9
property_442,407750.0,date_133,date_133,1631.0,,,,location_89
property_443,119000.0,date_133,date_133,,70.0,1.0,1.0,location_1
property_444,106854.0,date_133,date_133,,70.0,1.0,1.0,location_1
property_445,104425.0,date_133,date_133,,70.0,1.0,1.0,location_1
property_446,227718.0,date_133,date_104,,91.0,2.0,2.0,location_10
property_447,208000.0,date_133,date_104,107.0,201.0,4.0,5.0,location_3
property_448,58888.0,date_133,date_132,46.0,32.0,1.0,1.0,location_13
property_449,220000.0,date_134,date_134,,65.0,2.0,2.0,location_10
property_450,829750.0,date_134,date_134,3319.0,,,,location_89
property_451,796000.0,date_134,date_134,7960.0,,,,location_66
property_452,385000.0,date_134,date_134,122.0,,5.0,5.0,location_8
property_453,410000.0,date_135,date_58,180.0,,2.0,6.0,location_4
property_454,1680000.0,date_135,date_58,520.0,,8.0,9.0,location_4
property_455,235000.0,date_136,date_121,90.0,,4.0,5.0,location_28
property_456,225000.0,date_136,date_121,90.0,,4.0,5.0,location_28
property_457,225000.0,date_136,date_121,90.0,,4.0,5.0,location_28
property_458,430000.0,date_137,date_136,176.0,,4.0,5.0,location_38
property_459,760000.0,date_137,date_100,270.0,,6.0,8.0,location_9
property_460,295000.0,date_137,date_100,187.0,,5.0,6.0,location_38
property_461,120000.0,date_137,date_137,80.0,,3.0,4.0,location_38
property_462,295000.0,date_138,date_137,112.0,,4.0,5.0,location_3
property_463,145000.0,date_138,date_137,118.0,,2.0,3.0,location_38
property_464,990000.0,date_138,date_137,543.0,,5.0,6.0,location_6
property_465,358000.0,date_138,date_130,192.0,,5.0,6.0,location_6
property_466,187000.0,date_139,date_305,100.0,,4.0,5.0,location_6
property_467,1700000.0,date_139,date_138,500.0,,8.0,9.0,location_38
property_468,310000.0,date_139,date_138,196.0,,5.0,6.0,location_6
property_469,285000.0,date_140,date_139,177.0,,4.0,5.0,location_6
property_470,130000.0,date_140,date_139,71.0,,4.0,5.0,location_6
property_471,400000.0,date_141,date_123,443.0,,,,location_12
property_472,99000.0,date_142,date_141,,56.0,1.0,1.0,location_8
property_473,3557520.0,date_142,date_142,44469.0,,,,location_97
property_474,350000.0,date_142,date_142,154.0,,4.0,5.0,location_28
property_475,950000.0,date_142,date_142,,,12.0,12.0,location_32
property_476,510000.0,date_143,date_142,988.0,,6.0,6.0,location_57
property_477,1000000.0,date_143,date_142,705.0,,5.0,5.0,location_12
property_478,275000.0,date_144,date_143,,195.0,3.0,3.0,location_1
property_479,2484640.0,date_144,date_143,31058.0,,,,location_97
property_480,220000.0,date_144,date_143,100.0,,4.0,6.0,location_25
property_481,1100000.0,date_145,date_145,,,6.0,9.0,location_98
property_482,430000.0,date_145,date_126,,206.0,3.0,3.0,location_37
property_483,63000.0,date_145,date_145,,54.0,2.0,1.0,location_99
property_484,54000.0,date_146,date_146,,28.0,1.0,1.0,location_31
property_485,95000.0,date_147,date_146,88.0,,3.0,4.0,location_100
property_486,950000.0,date_148,date_148,1049.0,,5.0,6.0,location_101
property_487,310000.0,date_148,date_130,169.0,,4.0,5.0,location_6
property_488,58000.0,date_148,date_147,55.0,43.0,1.0,1.0,location_102
property_489,8550000.0,date_148,date_148,,,,,location_15
property_490,75000.0,date_149,date_148,,43.0,2.0,1.0,location_31
property_491,125000.0,date_150,date_63,,,2.0,3.0,location_65
property_492,1000000.0,date_150,date_149,4800.0,,6.0,6.0,location_103
property_493,5184000.0,date_151,date_150,648.0,,,,location_10
property_494,390000.0,date_151,date_151,,103.0,2.0,2.0,location_10
property_495,120000.0,date_151,date_126,,120.0,1.0,1.0,location_10
property_496,2200000.0,date_151,date_126,644.0,,8.0,9.0,location_28
property_497,140000.0,date_151,date_313,246.0,,3.0,3.0,location_32
property_498,520000.0,date_151,date_128,99.0,,4.0,5.0,location_3
property_499,190000.0,date_151,date_313,305.0,210.0,4.0,4.0,location_32
property_500,130000.0,date_151,date_151,216.0,,6.0,4.0,location_33
property_501,310000.0,date_152,date_148,96.0,,4.0,5.0,location_38
property_502,50000.0,date_152,date_148,,62.0,2.0,1.0,location_23
property_503,3500000.0,date_153,date_146,34972.0,,,,location_32
property_504,320000.0,date_153,date_147,169.0,,4.0,5.0,location_3
property_505,5220000.0,date_154,date_145,2600.0,,,,location_38
property_506,139900.0,date_154,date_145,,88.0,2.0,1.0,location_28
property_507,128000.0,date_155,date_147,75.0,,3.0,3.0,location_104
property_508,49500.0,date_155,date_148,,28.0,1.0,1.0,location_31
property_509,240000.0,date_155,date_147,113.0,,5.0,6.0,location_3
property_510,248000.0,date_155,date_147,109.0,,5.0,6.0,location_3
property_511,165000.0,date_129,date_147,104.0,,6.0,4.0,location_26
property_512,27015000.0,date_129,date_314,10806.0,,,,location_105
property_513,920250.0,date_129,date_126,3681.0,,,,location_106
property_514,200000.0,date_129,date_26,77.0,,6.0,4.0,location_28
property_515,300000.0,date_129,date_149,80.0,192.0,4.0,5.0,location_5
property_516,10000000.0,date_156,date_154,6300.0,5400.0,20.0,25.0,location_107
property_517,1138000.0,date_156,date_156,391.0,,7.0,8.0,location_108
property_518,175000.0,date_156,date_156,100.0,195.0,4.0,5.0,location_3
property_519,400000.0,date_156,date_154,,151.0,2.0,2.0,location_1
property_520,800000.0,date_156,date_154,,198.0,3.0,3.0,location_39
property_521,1600000.0,date_98,date_156,777.0,,5.0,6.0,location_16
property_522,179000.0,date_157,date_98,107.0,,4.0,5.0,location_109
property_523,340000.0,date_157,date_61,216.0,405.0,8.0,10.0,location_38
property_524,370000.0,date_158,date_314,129.0,,3.0,2.0,location_40
property_525,14950000.0,date_159,date_143,11500.0,,5.0,5.0,location_25
property_526,300000.0,date_160,date_133,106.0,,3.0,3.0,location_13
property_527,270000.0,date_160,date_142,71.0,,4.0,6.0,location_110
property_528,305000.0,date_160,date_160,69.0,,4.0,6.0,location_110
property_529,350000.0,date_160,date_142,75.0,,4.0,6.0,location_16
property_530,145000.0,date_161,date_142,79.0,,4.0,5.0,location_6
property_531,350000.0,date_161,date_133,84.0,,5.0,6.0,location_19
property_532,810000.0,date_161,date_136,400.0,,5.0,7.0,location_28
property_533,73000.0,date_162,date_159,,43.0,2.0,1.0,location_13
property_534,80000.0,date_162,date_133,117.0,,,,location_72
property_535,340000.0,date_163,date_127,92.0,,5.0,6.0,location_19
property_536,105000.0,date_164,date_147,80.0,,6.0,6.0,location_108
property_537,250000.0,date_164,date_138,90.0,,6.0,3.0,location_78
property_538,230000.0,date_164,date_164,69.0,,5.0,6.0,location_25
property_539,380000.0,date_164,date_127,84.0,,5.0,6.0,location_19
property_540,400000.0,date_164,date_127,84.0,,5.0,6.0,location_19
property_541,210000.0,date_164,date_106,1487.0,,,,location_111
property_542,350000.0,date_164,date_147,113.0,,5.0,6.0,location_3
property_543,185000.0,date_164,date_164,86.0,,4.0,5.0,location_25
property_544,950000.0,date_165,date_149,541.0,,4.0,4.0,location_40
property_545,260000.0,date_166,date_315,64.0,,4.0,2.0,location_8
property_546,150000.0,date_167,date_167,,45.0,1.0,1.0,location_1
property_547,155000.0,date_167,date_167,62.0,,4.0,5.0,location_25
property_548,100000.0,date_167,date_167,60.0,,4.0,5.0,location_25
property_549,450000.0,date_167,date_167,96.0,96.0,2.0,1.0,location_76
property_550,190000.0,date_167,date_154,135.0,,,,location_4
property_551,370000.0,date_167,date_167,92.0,,5.0,6.0,location_19
property_552,30999.0,date_168,date_44,63.0,,2.0,3.0,location_112
property_553,40999.0,date_168,date_44,83.0,,3.0,3.0,location_112
property_554,99900.0,date_168,date_168,83.0,,2.0,3.0,location_113
property_555,165000.0,date_169,date_169,,130.0,3.0,2.0,location_74
property_556,700000.0,date_169,date_169,253.0,,5.0,6.0,location_4
property_557,100000.0,date_169,date_169,126.0,,,,location_114
property_558,76405.0,date_170,date_170,,35.0,1.0,1.0,location_12
property_559,73000.0,date_170,date_170,,35.0,1.0,1.0,location_23
property_560,1200000.0,date_170,date_62,125.0,,7.0,4.0,location_8
property_561,479400.0,date_170,date_170,2397.0,,,,location_106
property_562,350000.0,date_170,date_170,160.0,,4.0,5.0,location_19
property_563,220000.0,date_170,date_170,140.0,,4.0,5.0,location_19
property_564,350000.0,date_170,date_170,144.0,,4.0,5.0,location_19
property_565,220000.0,date_171,date_170,600.0,,,,location_72
property_566,210000.0,date_171,date_170,600.0,,,,location_72
property_567,75000.0,date_172,date_133,84.0,,2.0,3.0,location_47
property_568,90000.0,date_172,date_133,79.0,,2.0,3.0,location_108
property_569,400000.0,date_173,date_173,92.0,,5.0,6.0,location_19
property_570,60000.0,date_174,date_174,,33.0,1.0,1.0,location_31
property_571,85000.0,date_174,date_174,101.0,,4.0,5.0,location_58
property_572,200000.0,date_174,date_174,161.0,,4.0,5.0,location_38
property_573,185000.0,date_174,date_174,102.0,,4.0,5.0,location_38
property_574,58000.0,date_175,date_175,72.0,,2.0,2.0,location_12
property_575,105000.0,date_175,date_175,142.0,,2.0,3.0,location_58
property_576,370000.0,date_175,date_175,94.0,,5.0,5.0,location_56
property_577,310000.0,date_176,date_176,176.0,,4.0,5.0,location_21
property_578,268000.0,date_176,date_175,176.0,,4.0,5.0,location_38
property_579,69984.0,date_176,date_159,,48.0,1.0,1.0,location_77
property_580,60000.0,date_176,date_176,,33.0,1.0,1.0,location_31
property_581,395000.0,date_176,date_176,1150.0,,,,location_67
property_582,500000.0,date_176,date_170,1000.0,,,,location_72
property_583,350000.0,date_177,date_176,,197.0,2.0,2.0,location_23
property_584,88000.0,date_177,date_159,,65.0,1.0,1.0,location_115
property_585,85000.0,date_177,date_176,,56.0,1.0,1.0,location_28
property_586,252700.0,date_177,date_159,,140.0,3.0,4.0,location_115
property_587,129000.0,date_177,date_177,71.0,,4.0,5.0,location_38
property_588,280000.0,date_178,date_178,72.0,,3.0,3.0,location_8
property_589,60000.0,date_178,date_178,,33.0,1.0,1.0,location_31
property_590,130000.0,date_179,date_178,71.0,,4.0,5.0,location_6
property_591,374000.0,date_179,date_170,600.0,,,,location_77
property_592,100000.0,date_179,date_170,280.0,,,,location_89
property_593,380000.0,date_179,date_175,176.0,,4.0,5.0,location_38
property_594,360000.0,date_179,date_178,239.0,402.0,8.0,10.0,location_6
property_595,425000.0,date_179,date_175,308.0,216.0,4.0,5.0,location_38
property_596,3022800.0,date_179,date_170,10076.0,,,,location_116
property_597,280000.0,date_180,date_123,196.0,,,,location_83
property_598,250000.0,date_180,date_178,132.0,,,,location_12
property_599,148000.0,date_180,date_179,210.0,,,,location_58
property_600,430000.0,date_180,date_169,176.0,,4.0,5.0,location_4
property_601,112000.0,date_181,date_180,84.0,,4.0,5.0,location_117
property_602,600000.0,date_181,date_170,143.0,,4.0,5.0,location_9
property_603,76000.0,date_182,date_180,,40.0,1.0,1.0,location_8
property_604,380000.0,date_182,date_170,203.0,,5.0,6.0,location_6
property_605,80000.0,date_182,date_127,,32.0,,1.0,location_1
property_606,110000.0,date_183,date_183,72.0,,2.0,3.0,location_108
property_607,340000.0,date_183,date_174,299.0,,4.0,5.0,location_3
property_608,65000.0,date_184,date_51,209.0,,,,location_106
property_609,170000.0,date_185,date_170,95.0,,4.0,5.0,location_6
property_610,110000.0,date_185,date_185,,55.0,1.0,1.0,location_23
property_611,340000.0,date_185,date_185,192.0,,4.0,5.0,location_6
property_612,570000.0,date_185,date_89,5191.0,,,,location_66
property_613,425000.0,date_185,date_185,100.0,,6.0,4.0,location_24
property_614,299000.0,date_185,date_116,171.0,,4.0,5.0,location_6
property_615,320000.0,date_185,date_185,99.0,,4.0,5.0,location_38
property_616,1750000.0,date_185,date_153,750.0,,7.0,9.0,location_6
property_617,490000.0,date_185,date_315,99.0,,4.0,5.0,location_4
property_618,670000.0,date_186,date_178,600.0,,6.0,7.0,location_48
property_619,100000.0,date_186,date_180,,69.0,1.0,1.0,location_38
property_620,75000.0,date_186,date_180,420.0,,,,location_105
property_621,650000.0,date_186,date_186,86.0,,3.0,4.0,location_40
property_622,58000.0,date_186,date_185,105.0,,,,location_89
property_623,75000.0,date_187,date_159,,84.0,2.0,2.0,location_13
property_624,225000.0,date_187,date_187,160.0,,4.0,5.0,location_18
property_625,950000.0,date_187,date_187,288.0,,,,location_78
property_626,810000.0,date_188,date_188,286.0,,,,location_78
property_627,560000.0,date_188,date_188,443.0,,4.0,5.0,location_48
property_628,280000.0,date_188,date_164,65.0,,4.0,5.0,location_6
property_629,330000.0,date_189,date_122,169.0,216.0,4.0,5.0,location_6
property_630,125000.0,date_189,date_180,200.0,,4.0,4.0,location_89
property_631,115000.0,date_189,date_180,200.0,,4.0,4.0,location_89
property_632,107000.0,date_189,date_180,200.0,,4.0,4.0,location_89
property_633,96700.0,date_190,date_190,77.0,,2.0,1.0,location_9
property_634,205000.0,date_190,date_122,160.0,216.0,4.0,5.0,location_48
property_635,125000.0,date_191,date_191,,42.0,1.0,1.0,location_55
property_636,470000.0,date_191,date_191,312.0,,5.0,5.0,location_105
property_637,667800.0,date_191,date_123,388.0,,5.0,6.0,location_38
property_638,980000.0,date_191,date_92,400.0,720.0,8.0,9.0,location_38
property_639,463000.0,date_191,date_123,192.0,270.0,5.0,6.0,location_38
property_640,125000.0,date_191,date_123,71.0,126.0,4.0,5.0,location_6
property_641,160000.0,date_191,date_187,,120.0,3.0,3.0,location_19
property_642,300000.0,date_191,date_159,,83.0,2.0,2.0,location_118
property_643,240000.0,date_192,date_88,90.0,,4.0,3.0,location_41
property_644,88000.0,date_192,date_192,60.0,,3.0,4.0,location_77
property_645,215000.0,date_192,date_192,,91.0,2.0,2.0,location_10
property_646,119000.0,date_193,date_190,76.0,,4.0,5.0,location_38
property_647,580000.0,date_193,date_190,198.0,,8.0,10.0,location_6
property_648,155000.0,date_193,date_73,88.0,,4.0,5.0,location_6
property_649,135000.0,date_193,date_122,80.0,,3.0,4.0,location_38
property_650,500000.0,date_193,date_122,2414.0,,,,location_119
property_651,250000.0,date_193,date_122,74.0,,3.0,3.0,location_106
property_652,129000.0,date_194,date_123,,75.0,2.0,1.0,location_8
property_653,198000.0,date_195,date_189,98.0,,4.0,5.0,location_38
property_654,175000.0,date_195,date_122,116.0,,4.0,6.0,location_38
property_655,390000.0,date_195,date_191,106.0,,4.0,5.0,location_110
property_656,1160000.0,date_195,date_191,280.0,360.0,5.0,7.0,location_1
property_657,2500000.0,date_195,date_148,600.0,,5.0,7.0,location_13
property_658,2544900.0,date_196,date_194,2994.0,,,,location_88
property_659,168000.0,date_196,date_165,,65.0,2.0,2.0,location_10
property_660,700000.0,date_196,date_316,59.0,89.0,3.0,2.0,location_39
property_661,2064720.0,date_196,date_127,7374.0,,,,location_113
property_662,218000.0,date_196,date_127,157.0,,4.0,5.0,location_64
property_663,292000.0,date_197,date_191,110.0,,4.0,2.0,location_8
property_664,85000.0,date_198,date_103,101.0,,2.0,3.0,location_6
property_665,400000.0,date_198,date_104,176.0,,4.0,5.0,location_38
property_666,235000.0,date_199,date_104,99.0,,4.0,5.0,location_6
property_667,320000.0,date_200,date_104,205.0,270.0,5.0,6.0,location_6
property_668,1420000.0,date_200,date_104,450.0,,5.0,6.0,location_38
property_669,95000.0,date_200,date_174,440.0,,,,location_120
property_670,1600000.0,date_200,date_105,580.0,,5.0,6.0,location_77
property_671,290000.0,date_201,date_105,1388.0,,,,location_89
property_672,145000.0,date_201,date_105,71.0,,4.0,5.0,location_3
property_673,122000.0,date_201,date_105,117.0,184.0,5.0,6.0,location_58
property_674,265000.0,date_201,date_104,168.0,,4.0,6.0,location_121
property_675,130000.0,date_201,date_104,97.0,,4.0,5.0,location_77
property_676,225000.0,date_201,date_105,150.0,,4.0,5.0,location_38
property_677,400000.0,date_201,date_135,129.0,288.0,4.0,5.0,location_16
property_678,170000.0,date_201,date_135,79.0,,4.0,5.0,location_38
property_679,500000.0,date_202,date_135,242.0,,7.0,8.0,location_38
property_680,590000.0,date_202,date_135,196.0,,8.0,13.0,location_38
property_681,590000.0,date_202,date_135,819.0,,,,location_27
property_682,580000.0,date_202,date_135,1050.0,,,,location_44
property_683,72000.0,date_202,date_161,,45.0,1.0,1.0,location_115
property_684,164000.0,date_202,date_159,,102.0,2.0,2.0,location_19
property_685,1100000.0,date_202,date_135,550.0,,,,location_90
property_686,162000.0,date_202,date_159,,107.0,2.0,2.0,location_19
property_687,59000.0,date_202,date_51,,,2.0,2.0,location_32
property_688,120000.0,date_202,date_135,,,4.0,5.0,location_12
property_689,65000.0,date_203,date_138,171.0,,4.0,2.0,location_122
property_690,96000.0,date_7,date_135,72.0,,4.0,5.0,location_67
property_691,360000.0,date_7,date_144,90.0,,4.0,5.0,location_4
property_692,195000.0,date_7,date_317,98.0,,4.0,5.0,location_38
property_693,86000.0,date_7,date_317,72.0,,2.0,3.0,location_6
property_694,85000.0,date_204,date_317,72.0,,2.0,3.0,location_6
property_695,50000.0,date_204,date_317,84.0,,2.0,3.0,location_105
property_696,185000.0,date_204,date_317,99.0,,4.0,5.0,location_38
property_697,260000.0,date_8,date_317,99.0,,4.0,5.0,location_38
property_698,250000.0,date_8,date_317,67.0,220.0,4.0,5.0,location_16
property_699,85000.0,date_8,date_317,210.0,,2.0,3.0,location_105
property_700,1995000.0,date_8,date_317,989.0,,10.0,12.0,location_6
property_701,195000.0,date_8,date_317,168.0,,6.0,6.0,location_6
property_702,165000.0,date_8,date_91,,115.0,2.0,2.0,location_23
property_703,98000.0,date_8,date_318,,63.0,1.0,1.0,location_19
property_704,1400000.0,date_205,date_136,605.0,,5.0,6.0,location_38
property_705,250000.0,date_205,date_136,151.0,,4.0,6.0,location_7
property_706,78000.0,date_205,date_136,90.0,,2.0,3.0,location_6
property_707,470000.0,date_205,date_170,150.0,508.0,4.0,4.0,location_95
property_708,399000.0,date_205,date_136,100.0,240.0,5.0,4.0,location_8
property_709,46000.0,date_205,date_175,,38.0,1.0,1.0,location_82
property_710,55000.0,date_205,date_172,,44.0,1.0,1.0,location_87
property_711,175000.0,date_206,date_137,,,4.0,5.0,location_123
property_712,210000.0,date_207,date_58,,255.0,4.0,5.0,location_6
property_713,760000.0,date_207,date_186,,384.0,3.0,2.0,location_78
property_714,330000.0,date_207,date_137,108.0,264.0,9.0,7.0,location_5
property_715,250000.0,date_207,date_142,512.0,,3.0,4.0,location_105
property_716,380000.0,date_207,date_206,290.0,,5.0,8.0,location_38
property_717,175000.0,date_207,date_142,79.0,,4.0,5.0,location_6
property_718,320000.0,date_207,date_137,379.0,255.0,6.0,5.0,location_43
property_719,580000.0,date_208,date_137,218.0,336.0,11.0,11.0,location_8
property_720,190000.0,date_208,date_207,116.0,,4.0,5.0,location_38
property_721,75000.0,date_208,date_138,73.0,123.0,3.0,3.0,location_38
property_722,160000.0,date_208,date_142,71.0,,4.0,5.0,location_6
property_723,930000.0,date_208,date_142,440.0,,5.0,6.0,location_38
property_724,145000.0,date_209,date_319,80.0,114.0,3.0,4.0,location_38
property_725,290000.0,date_209,date_144,169.0,,4.0,5.0,location_6
property_726,230000.0,date_209,date_144,102.0,,4.0,5.0,location_38
property_727,440000.0,date_209,date_138,259.0,,5.0,5.0,location_6
property_728,285000.0,date_209,date_137,176.0,216.0,4.0,5.0,location_38
property_729,260000.0,date_210,date_138,94.0,,4.0,5.0,location_6
property_730,300000.0,date_211,date_138,65.0,314.0,4.0,5.0,location_6
property_731,360000.0,date_211,date_318,,203.0,4.0,3.0,location_1
property_732,420000.0,date_211,date_138,207.0,,5.0,6.0,location_38
property_733,129000.0,date_211,date_320,71.0,,4.0,5.0,location_38
property_734,250000.0,date_211,date_144,90.0,,4.0,7.0,location_124
property_735,375000.0,date_212,date_138,100.0,,8.0,8.0,location_8
property_736,98000.0,date_212,date_321,,63.0,3.0,2.0,location_82
property_737,92000.0,date_212,date_196,,77.0,1.0,1.0,location_23
property_738,230000.0,date_212,date_138,102.0,180.0,4.0,5.0,location_38
property_739,430000.0,date_213,date_142,176.0,216.0,4.0,5.0,location_38
property_740,470000.0,date_213,date_141,,288.0,6.0,3.0,location_118
property_741,760000.0,date_213,date_144,600.0,,4.0,5.0,location_38
property_742,330000.0,date_213,date_144,187.0,,4.0,5.0,location_6
property_743,6000.0,date_213,date_37,728.0,475.0,5.0,6.0,location_6
property_744,180000.0,date_213,date_141,100.0,180.0,4.0,5.0,location_6
property_745,245000.0,date_214,date_144,157.0,,4.0,5.0,location_64
property_746,68000.0,date_214,date_202,,58.0,1.0,1.0,location_19
property_747,180000.0,date_214,date_154,,105.0,2.0,2.0,location_9
property_748,130000.0,date_214,date_145,73.0,,4.0,5.0,location_6
property_749,87000.0,date_214,date_138,86.0,,2.0,3.0,location_6
property_750,198000.0,date_214,date_138,95.0,180.0,4.0,5.0,location_6
property_751,375000.0,date_214,date_138,80.0,,5.0,5.0,location_8
property_752,280000.0,date_215,date_145,165.0,,4.0,5.0,location_64
property_753,152000.0,date_215,date_145,81.0,,3.0,3.0,location_64
property_754,145000.0,date_215,date_145,81.0,,3.0,3.0,location_64
property_755,210000.0,date_215,date_142,104.0,183.0,4.0,5.0,location_38
property_756,700000.0,date_215,date_180,286.0,,5.0,4.0,location_19
property_757,115000.0,date_215,date_142,82.0,,4.0,5.0,location_108
property_758,100000.0,date_215,date_145,317.0,,,,location_105
property_759,270000.0,date_216,date_208,184.0,,4.0,5.0,location_47
property_760,170000.0,date_216,date_142,209.0,154.0,4.0,4.0,location_26
property_761,153000.0,date_216,date_142,209.0,216.0,4.0,5.0,location_26
property_762,2217000.0,date_216,date_145,739.0,,,,location_58
property_763,180000.0,date_216,date_142,199.0,154.0,4.0,4.0,location_26
property_764,987000.0,date_216,date_180,1410.0,,,,location_72
property_765,220000.0,date_216,date_138,207.0,,4.0,5.0,location_26
property_766,1082400.0,date_217,date_145,1968.0,,,,location_72
property_767,150000.0,date_217,date_141,90.0,,4.0,5.0,location_47
property_768,4464300.0,date_217,date_145,14881.0,,,,location_6
property_769,280000.0,date_217,date_180,99.0,,4.0,5.0,location_38
property_770,101908.0,date_217,date_215,,57.0,2.0,1.0,location_9
property_771,870000.0,date_217,date_145,540.0,,7.0,6.0,location_114
property_772,55000.0,date_218,date_141,122.0,,,,location_72
property_773,1426500.0,date_218,date_147,2853.0,,,,location_58
property_774,256555.0,date_218,date_211,,74.0,2.0,1.0,location_1
property_775,200000.0,date_218,date_218,,85.0,2.0,2.0,location_1
property_776,120000.0,date_218,date_213,,75.0,2.0,1.0,location_8
property_777,65000.0,date_218,date_217,,52.0,2.0,1.0,location_99
property_778,288000.0,date_9,date_203,62.0,,4.0,5.0,location_48
property_779,162000.0,date_9,date_136,,89.0,2.0,2.0,location_1
property_780,410000.0,date_9,date_9,,256.0,4.0,2.0,location_118
property_781,670000.0,date_219,date_142,420.0,,5.0,6.0,location_21
property_782,238000.0,date_219,date_142,200.0,,4.0,5.0,location_3
property_783,330000.0,date_219,date_142,112.0,,2.0,3.0,location_118
property_784,110000.0,date_219,date_142,88.0,,4.0,5.0,location_53
property_785,66000.0,date_220,date_161,,57.0,1.0,1.0,location_30
property_786,90000.0,date_220,date_178,88.0,,4.0,5.0,location_53
property_787,4500000.0,date_221,date_143,493.0,,7.0,8.0,location_10
property_788,380000.0,date_221,date_220,200.0,216.0,4.0,5.0,location_4
property_789,1500000.0,date_222,date_143,560.0,,6.0,8.0,location_38
property_790,68000.0,date_222,date_143,83.0,,4.0,5.0,location_113
property_791,420000.0,date_222,date_143,200.0,,5.0,6.0,location_4
property_792,380000.0,date_222,date_143,90.0,,4.0,5.0,location_38
property_793,360000.0,date_222,date_143,187.0,270.0,5.0,5.0,location_38
property_794,320000.0,date_222,date_143,73.0,,4.0,6.0,location_125
property_795,260000.0,date_223,date_143,171.0,,4.0,5.0,location_38
property_796,70000.0,date_223,date_214,,56.0,1.0,1.0,location_28
property_797,500000.0,date_224,date_224,184.0,,4.0,5.0,location_9
property_798,300000.0,date_224,date_144,200.0,,5.0,6.0,location_38
property_799,700000.0,date_225,date_144,162.0,,6.0,7.0,location_8
property_800,600000.0,date_225,date_94,356.0,351.0,5.0,7.0,location_3
property_801,530000.0,date_226,date_183,100.0,,5.0,6.0,location_8
property_802,450000.0,date_226,date_147,480.0,,,,location_38
property_803,195000.0,date_226,date_226,174.0,,4.0,5.0,location_38
property_804,240000.0,date_226,date_147,99.0,,4.0,5.0,location_4
property_805,240000.0,date_227,date_227,,186.0,3.0,3.0,location_92
property_806,449420.0,date_227,date_144,977.0,,,,location_126
property_807,175000.0,date_227,date_144,100.0,195.0,4.0,5.0,location_3
property_808,205000.0,date_227,date_144,121.0,208.0,4.0,5.0,location_38
property_809,2000000.0,date_228,date_216,20000.0,,,,location_127
property_810,280000.0,date_229,date_67,,,3.0,3.0,location_71
property_811,310000.0,date_230,date_101,,194.0,3.0,3.0,location_1
property_812,77000.0,date_230,date_148,210.0,,,,location_114
property_813,250000.0,date_231,date_148,392.0,,,,location_114
property_814,580000.0,date_231,date_148,215.0,216.0,4.0,5.0,location_4
property_815,140000.0,date_232,date_145,,67.0,2.0,1.0,location_9
property_816,2500000.0,date_10,date_149,148.0,,5.0,5.0,location_95
property_817,680000.0,date_10,date_147,441.0,,7.0,7.0,location_47
property_818,70000.0,date_10,date_148,84.0,106.0,2.0,3.0,location_26
property_819,89000.0,date_10,date_148,84.0,,3.0,4.0,location_26
property_820,890000.0,date_10,date_147,377.0,,4.0,6.0,location_90
property_821,295000.0,date_10,date_148,286.0,,4.0,5.0,location_26
property_822,800000.0,date_233,date_147,168.0,,6.0,4.0,location_95
property_823,65000.0,date_233,date_147,104.0,,,,location_12
property_824,650000.0,date_233,date_228,,102.0,9.0,5.0,location_95
property_825,420000.0,date_233,date_228,,99.0,5.0,5.0,location_1
property_826,350000.0,date_233,date_175,100.0,75.0,6.0,6.0,location_16
property_827,95000.0,date_233,date_228,,110.0,2.0,2.0,location_19
property_828,1200000.0,date_233,date_147,276.0,,,,location_3
property_829,1700000.0,date_233,date_147,580.0,,5.0,9.0,location_3
property_830,69000.0,date_233,date_147,,35.0,1.0,1.0,location_10
property_831,1200000.0,date_233,date_148,630.0,,8.0,6.0,location_28
property_832,960000.0,date_234,date_227,922.0,,,,location_93
property_833,420000.0,date_234,date_217,336.0,,5.0,6.0,location_52
property_834,646000.0,date_235,date_322,3163.0,,6.0,6.0,location_128
property_835,700000.0,date_235,date_148,402.0,324.0,5.0,7.0,location_129
property_836,90000.0,date_235,date_159,,60.0,1.0,1.0,location_19
property_837,185000.0,date_236,date_147,152.0,,4.0,5.0,location_7
property_838,1050000.0,date_236,date_147,348.0,,,,location_90
property_839,160000.0,date_237,date_148,360.0,,,,location_48
property_840,265000.0,date_237,date_149,288.0,,,,location_6
property_841,290000.0,date_237,date_150,73.0,,6.0,6.0,location_33
property_842,170000.0,date_237,date_150,71.0,,5.0,5.0,location_40
property_843,250000.0,date_237,date_150,70.0,,7.0,6.0,location_33
property_844,55000.0,date_237,date_7,,27.0,1.0,1.0,location_31
property_845,90000.0,date_237,date_224,,99.0,2.0,2.0,location_19
property_846,880000.0,date_237,date_149,610.0,400.0,,,location_104
property_847,860000.0,date_237,date_150,352.0,432.0,8.0,10.0,location_38
property_848,235000.0,date_237,date_150,100.0,,4.0,5.0,location_38
property_849,440000.0,date_237,date_151,220.0,,4.0,5.0,location_38
property_850,119000.0,date_237,date_320,76.0,,4.0,5.0,location_6
property_851,4800000.0,date_237,date_224,1890.0,1039.0,9.0,11.0,location_6
property_852,280000.0,date_238,date_151,,,5.0,6.0,location_33
property_853,398800.0,date_238,date_148,231.0,190.0,5.0,6.0,location_64
property_854,150000.0,date_238,date_148,80.0,248.0,4.0,5.0,location_58
property_855,160000.0,date_238,date_148,108.0,,4.0,5.0,location_26
property_856,2412500.0,date_239,date_151,965.0,,,,location_19
property_857,58000.0,date_239,date_195,,34.0,1.0,1.0,location_23
property_858,80000.0,date_239,date_115,,53.0,1.0,1.0,location_16
property_859,320000.0,date_239,date_151,165.0,,4.0,5.0,location_6
property_860,200000.0,date_240,date_152,51.0,,2.0,2.0,location_125
property_861,260000.0,date_240,date_152,96.0,,3.0,3.0,location_125
property_862,350000.0,date_240,date_220,140.0,,,,location_125
property_863,1000000.0,date_241,date_305,163.0,265.0,4.0,5.0,location_1
property_864,69000.0,date_241,date_150,,60.0,1.0,1.0,location_31
property_865,360000.0,date_241,date_149,101.0,,4.0,5.0,location_38
property_866,4200000.0,date_242,date_149,1872.0,,9.0,11.0,location_6
property_867,460000.0,date_242,date_239,,,3.0,4.0,location_101
property_868,700000.0,date_242,date_195,6167.0,,,,location_130
property_869,450000.0,date_242,date_227,1212.0,,,,location_130
property_870,1954600.0,date_242,date_147,674.0,,,,location_28
property_871,2500000.0,date_243,date_149,510.0,,,,location_5
property_872,1650000.0,date_243,date_149,600.0,,9.0,8.0,location_129
property_873,90000.0,date_243,date_323,,,2.0,2.0,location_84
property_874,335000.0,date_243,date_149,99.0,,4.0,5.0,location_38
property_875,140000.0,date_243,date_149,71.0,,4.0,5.0,location_6
property_876,150000.0,date_243,date_149,71.0,,4.0,5.0,location_6
property_877,970000.0,date_243,date_149,400.0,,,,location_90
property_878,2220000.0,date_244,date_150,560.0,,7.0,9.0,location_6
property_879,199000.0,date_244,date_150,114.0,,4.0,5.0,location_6
property_880,1750000.0,date_244,date_187,750.0,,7.0,9.0,location_6
property_881,2000000.0,date_245,date_152,700.0,,5.0,6.0,location_38
property_882,1559040.0,date_245,date_150,3248.0,,,,location_11
property_883,135000.0,date_245,date_316,,88.0,2.0,2.0,location_12
property_884,1100000.0,date_246,date_150,490.0,,8.0,3.0,location_9
property_885,45000.0,date_246,date_31,,41.0,1.0,1.0,location_12
property_886,130000.0,date_246,date_151,420.0,,,,location_27
property_887,149000.0,date_247,date_10,,100.0,2.0,2.0,location_41
property_888,2870000.0,date_247,date_239,803.0,440.0,6.0,5.0,location_8
property_889,345000.0,date_247,date_151,189.0,,4.0,5.0,location_6
property_890,310000.0,date_247,date_151,100.0,,3.0,3.0,location_8
property_891,195000.0,date_11,date_159,,71.0,1.0,1.0,location_1
property_892,550000.0,date_11,date_159,,197.0,3.0,3.0,location_1
property_893,59000.0,date_248,date_151,77.0,,2.0,3.0,location_131
property_894,285000.0,date_248,date_239,,,3.0,3.0,location_57
property_895,245000.0,date_249,date_151,231.0,,4.0,5.0,location_11
property_896,95000.0,date_250,date_224,,49.0,1.0,1.0,location_1
property_897,360000.0,date_251,date_153,80.0,,2.0,2.0,location_24
property_898,270000.0,date_252,date_152,47.0,,2.0,3.0,location_1
property_899,320000.0,date_252,date_152,92.0,,5.0,3.0,location_20
property_900,990000.0,date_253,date_153,427.0,,5.0,6.0,location_6
property_901,5300000.0,date_254,date_154,1806.0,,7.0,9.0,location_38
property_902,450000.0,date_254,date_154,212.0,,5.0,6.0,location_6
property_903,285000.0,date_254,date_154,200.0,,5.0,6.0,location_6
property_904,930000.0,date_255,date_154,425.0,,7.0,8.0,location_129
property_905,800000.0,date_255,date_154,88.0,,4.0,3.0,location_132
property_906,360000.0,date_255,date_154,184.0,,4.0,5.0,location_129
property_907,179000.0,date_255,date_145,90.0,,4.0,5.0,location_38
property_908,160000.0,date_255,date_155,72.0,,2.0,3.0,location_38
property_909,220000.0,date_255,date_66,90.0,162.0,4.0,5.0,location_38
property_910,2851200.0,date_255,date_154,3564.0,,,,location_28
property_911,440000.0,date_256,date_154,58.0,,4.0,3.0,location_132
property_912,148400.0,date_257,date_154,,106.0,2.0,2.0,location_98
property_913,300000.0,date_258,date_318,64.0,,4.0,3.0,location_95
property_914,180000.0,date_259,date_242,,65.0,2.0,2.0,location_10
property_915,7500000.0,date_259,date_150,650.0,,,,location_1
property_916,2200000.0,date_260,date_324,416.0,,14.0,16.0,location_39
property_917,750000.0,date_260,date_324,420.0,,7.0,8.0,location_3
property_918,220000.0,date_261,date_324,100.0,,4.0,5.0,location_38
property_919,420000.0,date_261,date_155,80.0,,4.0,3.0,location_8
property_920,485000.0,date_261,date_129,335.0,,5.0,6.0,location_3
property_921,52000.0,date_261,date_10,,75.0,1.0,1.0,location_133
property_922,175000.0,date_261,date_199,107.0,,4.0,5.0,location_3
property_923,210000.0,date_262,date_155,85.0,,4.0,5.0,location_38
property_924,280000.0,date_263,date_155,122.0,,4.0,5.0,location_38
property_925,140000.0,date_263,date_155,77.0,,4.0,5.0,location_6
property_926,12076800.0,date_264,date_325,5032.0,,,,location_93
property_927,135000.0,date_265,date_155,71.0,,5.0,5.0,location_40
property_928,21386750.0,date_265,date_325,38885.0,,,,location_93
property_929,380000.0,date_266,date_156,223.0,,4.0,5.0,location_6
property_930,155000.0,date_267,date_316,,74.0,1.0,1.0,location_10
property_931,285000.0,date_267,date_156,187.0,,4.0,5.0,location_6
property_932,47000.0,date_268,date_326,,39.0,1.0,1.0,location_12
property_933,860000.0,date_269,date_156,425.0,,7.0,9.0,location_18
property_934,365000.0,date_270,date_156,73.0,,5.0,5.0,location_68
property_935,750000.0,date_271,date_156,484.0,,9.0,13.0,location_28
property_936,125000.0,date_272,date_267,,42.0,1.0,1.0,location_1
property_937,330000.0,date_272,date_156,165.0,,4.0,5.0,location_28
property_938,225000.0,date_273,date_160,,,3.0,4.0,location_32
property_939,85000.0,date_274,date_305,,72.0,2.0,2.0,location_8
property_940,880000.0,date_275,date_221,408.0,,10.0,11.0,location_38
property_941,280000.0,date_276,date_98,,,4.0,5.0,location_64
property_942,180000.0,date_277,date_158,260.0,,4.0,4.0,location_134
property_943,652200.0,date_277,date_36,1087.0,,,,location_86
property_944,53000.0,date_277,date_111,,35.0,1.0,1.0,location_37
property_945,800000.0,date_277,date_158,324.0,,5.0,6.0,location_38
property_946,1100000.0,date_278,date_160,450.0,,5.0,6.0,location_38
property_947,45000.0,date_279,date_113,,29.0,1.0,1.0,location_31
property_948,980000.0,date_280,date_160,518.0,,5.0,6.0,location_6
property_949,1500000.0,date_281,date_160,442.0,,5.0,5.0,location_31
property_950,47000.0,date_281,date_160,,,1.0,1.0,location_76
property_951,880000.0,date_281,date_160,1060.0,,6.0,9.0,location_114
property_952,92000.0,date_282,date_161,84.0,,3.0,3.0,location_25
property_953,868450.0,date_282,date_239,34738.0,,,,location_135
property_954,550000.0,date_283,date_161,69.0,,2.0,3.0,location_1
property_955,70000.0,date_283,date_241,,39.0,1.0,1.0,location_16
property_956,185000.0,date_283,date_269,,65.0,2.0,2.0,location_10
property_957,120000.0,date_284,date_277,,100.0,2.0,2.0,location_41
property_958,5964030.0,date_284,date_161,5970.0,,,,location_73
property_959,190000.0,date_284,date_242,,40.0,1.0,1.0,location_10
property_960,804515.0,date_284,date_161,160903.0,,,,location_136
property_961,160000.0,date_284,date_242,435.0,,,,location_137
property_962,2656500.0,date_285,date_11,483.0,,10.0,8.0,location_39
property_963,170000.0,date_286,date_162,100.0,,4.0,5.0,location_3
property_964,530000.0,date_286,date_162,249.0,,8.0,9.0,location_12
property_965,1800000.0,date_287,date_162,600.0,,,,location_23
property_966,400000.0,date_288,date_162,414.0,,,,location_138
property_967,750000.0,date_288,date_162,430.0,,,,location_138
property_968,160000.0,date_288,date_248,,,4.0,5.0,location_6
property_969,140000.0,date_288,date_162,,,4.0,5.0,location_6
property_970,122000.0,date_288,date_162,,,4.0,5.0,location_6
property_971,150000.0,date_288,date_248,,,4.0,5.0,location_6
property_972,8990100.0,date_289,date_236,25686.0,,,,location_93
property_973,155000.0,date_289,date_162,,,3.0,3.0,location_64
